N,P,K,temperature,humidity,ph,rainfall,label
87.49,49.51,47.32,24.19,81.56,5.73,205.81,rice
97.32,46.01,47.08,20.14,89.7,6.75,221.23,rice
83.64,41.83,43.04,23.67,84.32,5.94,261.19,rice
82.79,42.92,43.66,23.19,87.85,5.8,251.42,rice
91.85,40.46,46.08,21.19,80.65,6.92,296.56,rice
96.17,43.05,40.98,24.79,84.4,5.68,249.52,rice
80.69,49.09,42.59,24.64,83.12,6.28,254.67,rice
83.7,49.7,47.75,26.58,88.95,6.4,292.19,rice
81.77,41.96,40.45,22.28,83.89,5.91,282.87,rice
87.14,42.81,45.43,20.99,88.02,5.61,298.69,rice
95.44,41.99,40.06,25.71,87.07,6.59,277.13,rice
81.48,43.58,41.16,26.04,86.23,6.0,206.36,rice
86.22,43.25,47.3,24.46,88.87,6.21,211.96,rice
94.26,47.61,45.61,25.4,84.94,6.28,242.75,rice
80.51,41.08,40.31,24.45,83.14,6.26,290.76,rice
84.99,44.1,47.56,21.6,80.77,5.93,216.12,rice
98.59,48.08,46.33,26.1,88.04,5.78,289.26,rice
90.79,48.07,48.96,22.23,81.1,5.84,242.71,rice
96.36,48.61,40.07,23.58,84.17,5.83,211.99,rice
86.75,49.43,43.23,23.63,87.03,6.05,297.18,rice
99.25,42.52,44.97,22.11,82.85,5.56,260.96,rice
90.05,40.51,42.79,26.36,82.4,5.72,248.95,rice
99.71,42.42,46.72,25.33,82.38,6.59,236.78,rice
92.65,46.34,45.36,20.63,88.35,5.98,218.65,rice
80.82,45.91,46.78,20.12,85.12,5.84,264.52,rice
83.49,46.91,43.87,26.56,81.38,6.01,211.35,rice
98.49,48.77,42.58,24.62,88.17,6.33,252.97,rice
84.84,40.93,48.97,26.3,86.33,6.01,234.92,rice
94.52,48.97,48.87,25.46,86.42,5.63,216.16,rice
97.97,46.06,40.09,20.71,86.64,5.51,216.08,rice
90.97,46.92,46.52,21.57,87.12,5.86,232.54,rice
94.93,46.5,48.49,24.6,85.68,5.64,236.77,rice
85.3,42.44,49.73,22.75,88.92,6.45,279.48,rice
90.05,45.77,44.93,21.37,87.22,5.92,202.43,rice
92.91,41.77,49.4,26.68,89.15,6.06,201.55,rice
98.57,44.28,49.67,26.75,88.53,5.94,238.51,rice
97.02,43.17,41.69,23.9,89.36,6.54,257.01,rice
81.94,46.15,49.9,20.98,85.18,6.82,274.08,rice
93.94,47.02,43.59,22.06,88.09,6.72,286.71,rice
98.26,45.11,45.02,25.59,86.5,6.55,279.58,rice
97.8,43.38,43.76,20.66,85.78,5.55,246.56,rice
90.85,42.87,45.91,20.21,80.37,6.73,236.02,rice
82.54,45.22,47.7,21.51,86.23,5.63,205.17,rice
90.63,45.41,46.37,25.08,89.76,6.27,232.3,rice
95.9,42.71,44.39,20.55,80.25,6.94,283.6,rice
93.92,44.09,41.73,21.1,82.5,6.32,271.46,rice
93.2,42.8,49.55,25.17,85.54,6.42,241.96,rice
84.95,43.56,47.58,20.1,81.16,5.57,204.07,rice
97.11,47.04,44.74,20.68,84.92,6.21,217.32,rice
88.68,43.99,46.16,24.45,80.45,6.06,262.59,rice
90.06,48.56,46.59,21.14,80.71,6.46,202.65,rice
91.72,49.4,45.75,22.72,86.43,6.19,254.56,rice
98.83,43.86,49.61,26.34,81.96,5.6,210.08,rice
80.36,40.94,46.83,20.5,83.19,6.77,202.33,rice
96.29,42.82,41.18,24.88,86.29,6.82,273.51,rice
96.07,42.82,41.77,25.25,88.07,6.99,241.26,rice
87.44,47.76,43.41,26.52,88.58,6.14,275.09,rice
95.09,41.03,49.03,23.54,88.26,5.98,289.55,rice
87.78,40.11,49.05,20.64,83.19,6.93,295.06,rice
91.47,46.32,44.48,22.05,83.29,6.51,275.24,rice
95.83,47.9,40.91,23.46,80.58,6.32,244.15,rice
97.75,43.51,41.17,21.0,87.62,6.43,210.11,rice
81.68,47.01,40.73,25.75,87.06,5.62,208.48,rice
99.73,43.74,43.71,25.69,89.47,6.98,275.34,rice
87.53,40.84,47.77,23.91,84.24,6.86,211.12,rice
89.85,40.11,44.69,20.39,81.19,5.68,264.92,rice
94.92,45.83,49.62,22.62,82.86,6.8,222.36,rice
99.26,40.12,49.7,20.3,88.91,6.29,299.3,rice
81.48,45.54,49.69,23.66,86.29,6.54,245.45,rice
92.55,45.84,49.01,20.32,82.81,6.93,289.03,rice
89.11,46.2,42.77,21.32,84.64,6.03,258.37,rice
81.55,49.74,49.86,24.89,85.36,5.96,281.38,rice
93.69,41.63,49.11,25.76,89.5,6.59,261.34,rice
88.36,49.33,48.66,20.32,80.26,6.06,281.06,rice
99.75,41.5,45.94,22.67,89.7,6.76,283.83,rice
89.37,44.15,42.73,20.39,88.65,6.72,299.97,rice
99.93,45.55,47.69,26.61,88.5,5.87,245.05,rice
82.58,49.54,46.06,21.6,86.72,6.43,235.82,rice
82.27,46.72,45.2,25.41,85.2,6.78,255.19,rice
91.22,48.77,44.03,20.94,80.29,6.63,262.03,rice
94.08,42.13,41.36,20.1,83.51,6.38,239.22,rice
88.75,49.04,43.48,23.6,87.84,6.09,262.21,rice
97.25,49.5,41.47,26.49,84.92,5.89,245.91,rice
99.6,44.93,43.29,24.43,82.4,5.61,212.89,rice
82.56,41.52,41.39,24.49,81.82,6.02,289.68,rice
89.48,46.68,41.72,21.35,80.41,5.75,227.86,rice
83.54,40.89,41.21,23.23,82.06,6.05,250.34,rice
93.81,40.39,47.99,24.4,80.82,6.81,292.09,rice
81.22,42.77,48.06,25.24,81.85,5.81,237.05,rice
89.69,46.18,43.69,23.24,87.47,5.56,225.24,rice
94.27,48.95,45.12,23.72,81.07,6.17,253.26,rice
84.85,42.69,43.77,20.14,83.22,5.82,232.75,rice
82.4,48.91,45.94,24.75,87.89,6.25,208.69,rice
90.74,45.87,47.45,23.02,81.28,5.93,236.31,rice
92.92,45.71,43.56,26.91,86.06,5.86,210.18,rice
83.06,42.46,41.61,21.31,82.85,5.76,289.68,rice
81.6,45.25,44.1,26.88,81.12,6.1,296.95,rice
97.31,48.17,42.58,21.2,86.69,6.89,255.68,rice
91.43,42.8,47.69,21.31,83.24,6.14,250.76,rice
84.85,41.15,46.11,22.02,85.81,5.73,248.11,rice
80.65,45.78,43.37,19.21,56.27,7.48,76.12,maize
86.2,48.82,46.82,24.84,66.91,6.44,80.59,maize
76.98,58.94,48.31,26.69,57.49,6.96,106.92,maize
73.62,46.0,47.41,23.17,71.84,5.78,99.76,maize
74.03,47.45,41.64,25.33,68.3,6.55,77.94,maize
87.54,50.89,48.17,21.95,62.54,6.43,75.07,maize
84.95,52.54,42.32,26.1,62.68,6.59,105.32,maize
82.48,46.75,49.4,23.65,61.7,5.78,99.7,maize
82.4,53.0,48.94,25.1,58.03,6.12,72.42,maize
84.88,45.5,45.7,24.86,72.54,6.18,101.06,maize
72.21,57.7,41.27,21.58,70.95,5.8,71.46,maize
84.45,55.8,46.41,24.25,65.85,6.0,77.28,maize
73.63,58.63,45.83,21.61,64.24,7.39,67.67,maize
81.72,52.59,46.11,18.16,72.44,7.36,88.26,maize
83.93,58.84,47.07,19.37,66.53,6.71,81.21,maize
84.73,59.02,49.26,22.06,57.26,7.47,101.94,maize
72.49,58.81,48.7,22.67,66.83,6.3,62.74,maize
76.7,57.04,40.05,21.0,62.96,6.57,105.99,maize
76.93,50.2,47.38,22.07,59.49,6.4,67.04,maize
73.53,52.48,44.19,26.23,62.25,6.66,91.61,maize
70.26,54.95,41.78,26.65,57.97,6.33,64.27,maize
89.94,52.53,45.95,18.6,70.0,5.92,104.9,maize
74.1,47.86,40.37,22.25,66.3,5.63,98.78,maize
79.07,52.87,44.41,21.61,66.19,5.81,69.1,maize
87.24,59.19,43.73,20.44,67.88,6.32,61.27,maize
73.12,55.74,46.59,18.24,59.44,5.96,93.59,maize
70.39,46.56,48.0,19.61,68.05,5.98,64.97,maize
74.86,55.83,48.56,25.47,62.94,6.84,70.25,maize
75.86,58.45,40.13,18.77,59.16,5.55,69.07,maize
81.66,51.32,48.93,25.36,61.84,6.02,78.98,maize
81.81,49.02,46.24,21.68,66.04,6.37,74.72,maize
88.97,56.45,41.4,25.82,64.75,7.29,99.99,maize
78.5,45.34,42.69,22.87,67.67,6.02,66.97,maize
86.7,59.77,45.26,19.55,60.45,5.54,105.71,maize
72.36,53.65,42.74,22.99,68.03,7.16,70.32,maize
70.22,47.05,49.0,25.87,66.95,6.7,93.25,maize
73.51,58.72,44.19,21.45,65.38,5.59,68.31,maize
84.76,46.24,46.03,20.21,62.79,6.08,77.78,maize
84.38,49.46,45.66,22.28,68.27,7.37,96.63,maize
74.3,45.47,42.62,23.36,56.03,6.49,89.84,maize
76.68,56.56,41.07,18.68,69.56,6.49,94.42,maize
78.7,48.7,48.19,25.19,68.89,6.04,89.51,maize
77.22,46.37,49.17,19.23,74.0,6.39,69.26,maize
80.84,58.09,47.32,25.26,68.18,6.88,102.46,maize
74.99,52.34,42.21,26.89,73.88,5.58,95.28,maize
88.5,47.71,45.68,26.24,55.68,6.89,74.87,maize
88.49,59.57,49.44,22.27,72.24,7.19,75.96,maize
86.58,45.56,45.96,20.07,57.41,5.65,94.81,maize
76.8,55.87,40.65,20.84,65.79,7.08,75.94,maize
82.52,58.29,46.16,20.1,55.49,7.24,61.06,maize
87.49,52.93,49.39,25.19,74.96,6.2,98.36,maize
78.04,52.2,46.28,25.86,74.68,7.04,80.89,maize
78.43,56.06,42.39,18.99,62.09,6.07,74.82,maize
74.67,45.63,40.18,26.89,63.56,6.27,93.98,maize
74.37,59.25,47.86,18.8,63.35,7.26,107.24,maize
79.35,54.2,41.67,26.92,59.63,7.39,92.48,maize
82.15,52.69,42.31,19.59,59.41,5.87,98.98,maize
77.0,45.87,49.69,25.95,73.56,7.49,68.69,maize
77.92,56.37,46.96,19.39,71.32,5.95,71.19,maize
80.74,53.89,45.8,18.82,72.55,6.03,66.48,maize
87.77,59.33,48.62,25.29,68.1,6.6,64.35,maize
78.17,50.59,42.6,24.51,64.92,5.66,71.01,maize
83.67,46.14,48.51,22.46,64.61,6.68,101.23,maize
76.96,55.17,45.66,20.4,72.57,7.09,92.92,maize
87.01,58.01,47.08,25.53,68.95,6.86,90.93,maize
85.05,47.38,48.81,25.85,55.58,7.15,66.44,maize
76.7,56.15,41.61,25.36,71.64,6.51,60.32,maize
75.74,54.25,49.81,23.69,60.2,6.77,87.0,maize
85.6,46.6,47.61,22.87,74.26,6.18,91.63,maize
88.64,46.54,49.37,24.19,56.36,6.1,95.41,maize
71.35,53.73,43.46,23.59,55.91,7.24,108.67,maize
89.38,56.24,41.3,24.82,55.49,5.54,76.18,maize
79.77,56.56,46.83,22.01,60.47,7.49,81.31,maize
79.03,47.45,47.95,24.24,59.42,5.66,94.02,maize
83.09,49.1,49.51,19.36,63.65,7.39,80.99,maize
82.77,50.96,42.74,26.86,63.19,7.29,71.5,maize
74.26,45.47,46.52,21.32,72.29,6.45,108.41,maize
73.71,58.03,47.77,24.94,71.9,7.02,91.31,maize
72.62,45.49,49.21,23.55,70.93,6.46,65.87,maize
72.5,55.28,44.3,19.8,64.83,5.63,89.1,maize
75.38,56.96,43.1,22.1,55.23,5.64,79.62,maize
79.6,54.0,42.92,24.25,72.2,7.06,61.98,maize
79.61,46.57,42.42,26.88,57.85,6.5,90.91,maize
84.05,53.39,40.1,20.94,65.35,5.68,77.53,maize
70.66,46.18,43.97,19.19,66.35,6.88,100.03,maize
74.0,47.51,41.05,23.73,69.13,5.56,106.81,maize
71.04,53.12,47.09,25.84,69.28,7.1,76.97,maize
86.3,46.2,48.95,22.93,71.35,6.4,92.18,maize
80.53,55.97,40.82,18.54,59.94,5.82,103.59,maize
74.38,59.64,43.37,19.64,70.79,6.82,84.91,maize
81.11,55.79,42.28,26.97,74.5,6.8,69.98,maize
83.6,46.08,40.31,20.32,64.25,7.24,96.36,maize
84.85,51.38,43.46,21.34,74.75,5.58,103.35,maize
81.57,51.58,47.25,22.38,72.47,7.3,81.09,maize
75.54,53.89,49.12,19.9,67.46,6.76,96.66,maize
72.63,55.74,49.09,19.62,59.75,7.44,69.05,maize
87.09,52.38,42.47,25.84,63.91,6.53,77.96,maize
81.86,47.45,43.91,26.72,60.16,6.81,76.26,maize
85.47,46.96,49.7,22.08,59.72,5.65,68.49,maize
80.4,50.06,48.29,21.88,59.97,6.73,95.34,maize
33.34,63.35,70.73,22.36,21.64,6.95,93.77,chickpea
46.11,71.71,87.37,17.06,16.12,6.54,62.28,chickpea
40.62,78.73,70.79,16.22,19.52,7.87,72.65,chickpea
40.14,60.83,72.97,24.87,24.65,6.01,98.07,chickpea
42.78,77.36,79.09,20.16,19.89,7.33,65.59,chickpea
30.6,66.16,84.09,17.02,21.73,7.94,63.76,chickpea
43.45,68.88,87.36,16.77,21.93,7.68,97.78,chickpea
43.66,69.94,82.36,23.69,20.71,6.06,97.24,chickpea
43.79,73.53,74.31,21.59,18.94,7.3,64.26,chickpea
43.16,79.99,70.96,24.77,19.07,7.74,91.3,chickpea
41.34,74.77,87.57,19.04,18.27,7.34,92.31,chickpea
45.25,75.96,78.71,23.18,16.2,7.09,60.23,chickpea
36.49,67.33,77.92,21.95,18.89,6.9,69.5,chickpea
37.47,64.55,71.46,21.03,21.68,7.24,78.54,chickpea
37.6,77.27,80.38,19.79,15.26,6.68,75.21,chickpea
37.98,71.6,80.67,21.08,22.65,7.63,88.72,chickpea
49.11,60.36,73.92,15.08,21.47,7.8,69.74,chickpea
48.54,61.21,88.69,18.52,16.01,6.97,70.27,chickpea
35.7,66.15,86.06,20.39,18.11,7.22,88.65,chickpea
35.45,68.27,72.44,16.81,21.81,6.36,81.01,chickpea
44.18,62.14,81.35,17.57,24.63,6.97,92.24,chickpea
41.0,60.87,82.66,24.51,21.02,7.64,95.37,chickpea
34.56,64.24,82.22,19.11,23.4,7.8,74.14,chickpea
34.74,75.61,75.5,23.23,19.24,7.34,63.82,chickpea
42.48,69.04,81.73,16.68,22.37,7.73,68.67,chickpea
31.91,60.47,82.84,21.07,20.47,6.46,75.64,chickpea
41.89,69.94,89.76,16.36,21.95,6.81,77.13,chickpea
44.35,73.85,89.83,16.28,16.04,7.45,83.14,chickpea
35.48,61.59,71.71,23.94,16.92,6.65,69.07,chickpea
37.1,61.39,80.38,15.68,23.0,6.47,81.6,chickpea
47.6,73.02,80.66,18.24,18.33,7.34,99.77,chickpea
43.24,71.16,84.61,19.65,15.6,7.12,98.31,chickpea
33.51,73.8,74.02,20.36,15.97,6.9,90.25,chickpea
36.95,73.3,85.91,24.27,17.35,6.8,66.1,chickpea
49.85,78.54,80.8,23.42,20.21,7.25,63.56,chickpea
45.11,62.55,86.52,22.82,22.09,6.07,72.13,chickpea
35.26,67.2,71.75,24.37,20.54,6.61,75.88,chickpea
38.94,72.01,80.31,24.19,19.97,7.98,94.06,chickpea
34.17,78.61,72.33,23.17,18.81,7.76,94.72,chickpea
46.12,75.8,76.09,15.81,19.03,6.35,87.8,chickpea
36.92,79.51,82.82,23.22,16.33,7.72,96.91,chickpea
39.74,72.13,85.3,16.75,20.03,6.8,65.85,chickpea
37.35,61.36,70.52,16.35,24.63,7.1,98.63,chickpea
38.65,66.24,80.12,19.4,16.06,7.28,68.64,chickpea
42.39,73.0,73.04,15.61,22.81,6.92,62.33,chickpea
49.9,61.16,83.9,24.84,17.39,6.28,64.86,chickpea
36.07,62.02,83.84,15.62,20.09,7.99,92.56,chickpea
42.3,66.13,82.48,20.27,19.26,6.26,95.46,chickpea
39.0,63.89,77.36,19.14,23.28,7.47,90.77,chickpea
30.22,68.32,79.63,15.19,17.6,7.52,65.48,chickpea
40.71,64.3,70.24,17.41,24.76,7.6,98.38,chickpea
39.76,62.19,80.96,19.54,23.44,6.2,79.53,chickpea
33.0,66.49,84.75,19.76,18.76,6.79,78.38,chickpea
45.7,77.84,89.11,22.87,18.15,7.38,77.5,chickpea
35.09,76.82,70.77,24.02,19.61,7.27,86.37,chickpea
47.9,72.73,82.28,15.67,20.18,6.3,89.5,chickpea
40.24,73.6,70.83,15.85,22.16,6.14,62.85,chickpea
30.24,79.13,84.75,18.53,17.97,6.7,90.99,chickpea
43.23,63.7,73.48,15.98,21.6,7.53,70.6,chickpea
30.42,61.64,89.36,17.95,22.69,7.25,75.28,chickpea
34.11,62.43,82.3,22.75,21.44,7.06,61.68,chickpea
49.37,75.97,75.86,24.8,21.02,7.16,89.92,chickpea
46.24,73.13,72.56,18.38,24.28,6.45,74.89,chickpea
38.64,68.79,82.26,24.43,17.41,6.24,67.9,chickpea
47.74,72.92,75.72,23.16,23.61,7.69,96.76,chickpea
35.04,75.1,79.21,23.42,22.28,7.55,86.25,chickpea
33.55,70.9,89.69,24.37,15.43,6.33,65.27,chickpea
44.52,76.36,74.27,20.06,23.41,7.47,81.69,chickpea
41.81,70.17,75.95,20.65,21.89,7.75,85.45,chickpea
45.22,63.2,79.23,15.09,17.47,7.45,99.67,chickpea
31.98,68.03,86.0,17.04,20.55,7.47,84.64,chickpea
33.76,67.11,85.68,20.54,15.05,7.52,61.41,chickpea
44.91,64.05,89.16,18.68,18.27,6.3,72.22,chickpea
47.53,79.93,77.37,19.49,22.22,7.77,83.72,chickpea
37.83,68.25,83.91,15.03,21.2,6.71,91.77,chickpea
31.86,71.76,79.62,21.42,15.65,7.16,82.46,chickpea
41.21,72.07,83.53,23.05,17.7,7.65,79.93,chickpea
31.54,61.17,76.68,22.85,22.08,7.58,80.69,chickpea
38.8,62.95,76.56,19.34,15.89,6.44,83.93,chickpea
44.71,79.97,88.66,21.43,19.21,7.27,91.43,chickpea
32.37,68.2,86.8,18.84,20.72,7.18,67.38,chickpea
37.24,66.69,70.52,15.24,23.32,6.55,80.72,chickpea
35.97,78.81,75.19,19.3,23.73,7.68,67.44,chickpea
46.05,69.16,79.66,16.33,15.81,7.46,79.86,chickpea
38.74,74.59,85.31,16.59,21.1,6.27,90.06,chickpea
43.14,79.13,71.38,15.57,17.82,6.52,69.88,chickpea
48.13,64.99,75.44,22.59,19.5,7.55,62.61,chickpea
39.75,60.67,71.25,24.06,16.39,7.06,76.44,chickpea
36.95,78.0,70.44,21.64,24.63,7.12,97.47,chickpea
31.05,68.38,75.2,22.31,24.81,6.51,86.17,chickpea
33.96,71.31,79.28,24.72,21.09,6.7,64.56,chickpea
33.02,64.51,75.02,23.51,20.61,7.05,64.59,chickpea
47.2,74.46,71.35,22.08,20.44,6.16,78.33,chickpea
39.69,63.32,88.91,23.5,21.69,6.92,76.47,chickpea
43.02,70.91,71.25,20.13,23.06,6.92,62.08,chickpea
45.73,64.03,75.17,16.65,18.3,7.51,80.78,chickpea
34.1,77.56,87.59,23.71,17.39,6.9,99.4,chickpea
45.44,60.54,71.3,19.64,24.09,7.08,79.91,chickpea
32.11,73.14,86.44,18.8,22.76,7.93,68.15,chickpea
40.47,65.74,85.86,20.78,21.35,7.6,75.84,chickpea
24.15,63.0,16.58,23.35,70.87,5.98,142.86,kidneybeans
24.06,59.15,24.84,16.69,59.04,5.78,144.7,kidneybeans
21.54,57.28,19.4,22.38,56.67,6.82,140.18,kidneybeans
20.05,69.51,19.18,26.81,68.36,6.45,108.3,kidneybeans
23.82,61.41,16.62,15.15,66.2,6.29,135.97,kidneybeans
23.9,56.19,22.31,17.25,72.16,6.73,127.04,kidneybeans
22.1,59.72,19.71,24.86,64.19,6.04,124.71,kidneybeans
23.28,60.03,16.74,23.54,71.52,5.65,111.99,kidneybeans
16.42,60.22,19.5,23.99,68.02,6.43,117.62,kidneybeans
23.41,62.07,24.79,22.61,57.53,6.51,116.26,kidneybeans
21.86,56.04,16.75,25.27,59.54,6.76,113.96,kidneybeans
21.43,65.41,20.13,18.66,59.25,5.55,115.2,kidneybeans
21.53,69.07,23.71,24.19,70.77,6.5,113.01,kidneybeans
24.07,65.06,20.6,16.33,63.94,6.19,143.23,kidneybeans
20.47,60.71,24.77,16.33,63.45,5.56,137.0,kidneybeans
24.18,59.2,23.58,18.51,73.22,6.63,140.25,kidneybeans
15.18,69.44,22.27,18.66,71.59,5.92,143.64,kidneybeans
16.13,65.56,20.41,16.16,59.84,5.52,123.44,kidneybeans
18.01,63.98,17.97,18.6,69.86,5.57,145.14,kidneybeans
23.52,65.02,20.93,25.71,58.71,5.62,111.98,kidneybeans
22.95,55.52,20.83,26.95,72.11,6.28,103.18,kidneybeans
23.31,63.98,16.15,16.13,73.19,6.5,141.46,kidneybeans
23.79,63.58,20.17,20.17,61.34,6.15,138.69,kidneybeans
21.02,68.39,19.43,22.29,67.63,6.39,135.13,kidneybeans
17.37,62.69,16.04,19.61,64.75,6.48,147.53,kidneybeans
21.01,66.15,20.06,22.61,56.42,5.88,118.09,kidneybeans
19.72,55.68,16.4,18.32,74.43,6.0,124.1,kidneybeans
16.96,64.16,17.81,17.48,65.33,5.51,100.38,kidneybeans
17.19,55.55,16.08,19.07,71.05,6.36,125.63,kidneybeans
17.93,68.98,18.97,16.05,67.34,5.67,117.26,kidneybeans
20.07,68.11,19.94,23.43,74.86,5.7,113.74,kidneybeans
18.95,61.33,19.11,25.89,69.28,6.41,115.47,kidneybeans
23.24,69.33,23.21,15.02,67.73,5.58,112.88,kidneybeans
15.6,64.06,21.87,16.37,62.68,6.18,118.45,kidneybeans
16.21,61.28,22.51,15.85,56.6,6.03,147.09,kidneybeans
21.69,65.18,18.62,22.12,55.2,6.45,145.66,kidneybeans
21.13,68.11,22.24,16.45,73.05,5.6,126.7,kidneybeans
16.42,55.18,19.22,18.54,64.72,6.37,102.19,kidneybeans
16.23,63.38,18.43,23.75,68.05,6.77,134.62,kidneybeans
19.3,65.09,17.75,18.68,70.78,6.17,139.92,kidneybeans
23.22,67.86,24.17,20.17,61.38,6.37,118.56,kidneybeans
21.01,65.58,21.88,19.49,58.34,6.15,107.13,kidneybeans
23.9,60.19,16.54,15.31,67.92,6.46,117.03,kidneybeans
15.72,61.14,18.11,23.13,67.12,6.05,110.89,kidneybeans
24.88,61.81,21.88,16.69,64.71,5.54,125.27,kidneybeans
24.64,60.76,15.39,15.37,62.76,5.74,101.17,kidneybeans
22.56,61.88,17.89,25.8,57.32,6.93,115.7,kidneybeans
23.88,64.04,23.27,26.81,60.77,6.94,119.47,kidneybeans
18.86,60.11,20.41,16.85,66.07,6.31,138.1,kidneybeans
23.34,61.61,18.02,18.11,58.89,5.59,117.12,kidneybeans
17.7,69.5,20.58,19.17,66.61,5.71,122.2,kidneybeans
21.26,62.33,19.02,26.93,72.61,6.44,128.47,kidneybeans
21.21,58.02,18.95,15.47,64.51,6.31,111.39,kidneybeans
24.64,68.64,22.22,21.4,72.4,5.7,139.53,kidneybeans
16.25,66.91,17.76,25.53,73.88,5.72,123.13,kidneybeans
24.81,62.25,23.64,22.06,62.51,5.93,110.16,kidneybeans
22.62,60.8,20.11,20.91,66.55,6.8,149.04,kidneybeans
19.08,67.41,22.65,21.88,74.12,5.8,105.46,kidneybeans
23.54,61.59,23.47,25.72,56.25,6.83,122.42,kidneybeans
20.1,64.4,24.26,15.23,64.54,6.53,136.14,kidneybeans
21.93,57.02,17.99,19.3,71.09,5.92,110.54,kidneybeans
24.57,55.13,24.98,23.12,71.57,5.94,100.72,kidneybeans
22.38,67.51,22.4,16.71,70.07,6.65,132.93,kidneybeans
22.66,67.69,21.14,16.06,64.75,5.62,120.38,kidneybeans
19.07,55.99,18.49,16.33,71.16,6.92,103.62,kidneybeans
24.55,62.84,18.0,15.92,65.01,6.69,135.35,kidneybeans
15.5,56.09,19.03,18.54,59.65,5.92,140.17,kidneybeans
24.29,61.08,24.06,18.86,64.53,5.84,132.02,kidneybeans
24.79,64.05,18.58,22.77,57.46,6.83,125.15,kidneybeans
19.49,63.79,21.25,15.86,68.65,5.86,135.7,kidneybeans
23.23,67.06,20.53,21.24,57.86,6.66,113.57,kidneybeans
19.97,59.26,16.34,22.55,56.09,6.62,115.88,kidneybeans
15.0,62.67,15.47,18.31,69.14,5.59,141.97,kidneybeans
15.04,58.7,22.41,18.8,57.04,6.04,113.52,kidneybeans
23.43,59.7,22.89,25.7,63.68,6.86,118.87,kidneybeans
24.64,56.34,21.87,20.93,62.75,6.45,135.19,kidneybeans
15.04,57.5,22.13,23.0,74.32,6.64,147.54,kidneybeans
22.03,59.47,16.05,24.38,67.88,5.57,118.0,kidneybeans
24.57,62.51,19.33,20.49,59.18,6.05,118.49,kidneybeans
15.52,66.51,19.17,24.87,72.01,5.82,132.87,kidneybeans
19.72,68.2,17.16,23.13,67.16,5.94,106.83,kidneybeans
21.52,66.08,18.16,22.74,62.9,6.57,109.96,kidneybeans
23.9,59.31,18.68,15.7,57.23,6.27,113.38,kidneybeans
23.35,55.22,18.79,19.05,55.39,5.69,120.68,kidneybeans
19.93,61.06,20.31,22.14,55.2,6.2,148.17,kidneybeans
20.19,65.16,18.12,24.29,70.46,6.28,148.8,kidneybeans
16.26,55.25,22.7,24.69,57.4,5.9,100.88,kidneybeans
17.93,66.6,20.18,19.18,62.43,5.5,114.99,kidneybeans
21.46,69.61,23.47,15.28,72.97,6.67,139.02,kidneybeans
19.58,60.97,18.03,15.79,59.56,5.87,124.2,kidneybeans
22.47,62.11,15.58,26.49,73.85,6.68,149.57,kidneybeans
20.44,69.44,15.76,19.39,59.51,5.79,107.04,kidneybeans
21.22,66.72,20.78,16.76,71.22,6.45,119.41,kidneybeans
21.74,58.9,18.45,26.01,60.81,6.2,144.51,kidneybeans
22.08,55.93,16.47,15.09,67.62,6.17,106.71,kidneybeans
24.58,62.94,17.42,21.01,68.59,5.61,113.74,kidneybeans
23.07,61.89,20.47,20.19,55.88,5.75,122.28,kidneybeans
17.09,55.75,23.44,26.77,70.86,6.78,112.1,kidneybeans
24.61,57.95,24.51,26.94,69.23,6.97,128.48,kidneybeans
17.6,61.55,20.94,15.88,67.45,6.97,109.51,kidneybeans
22.93,68.62,24.44,28.56,45.43,6.95,90.29,pigeonpeas
16.62,62.15,22.18,20.72,47.81,6.33,66.51,pigeonpeas
20.65,66.57,19.99,18.13,35.18,5.71,97.05,pigeonpeas
17.29,64.52,17.22,21.54,51.96,6.46,63.82,pigeonpeas
19.29,55.44,19.81,25.29,37.37,5.58,75.91,pigeonpeas
24.2,69.9,15.45,26.37,42.43,5.78,90.17,pigeonpeas
24.18,69.26,20.77,21.93,50.75,5.5,82.56,pigeonpeas
18.59,64.85,17.4,20.11,53.36,5.2,80.24,pigeonpeas
17.21,55.58,15.36,19.93,52.34,5.56,98.02,pigeonpeas
20.82,61.55,20.8,23.68,50.18,5.56,74.12,pigeonpeas
23.94,69.2,23.93,22.61,50.61,5.95,79.9,pigeonpeas
17.05,63.87,16.86,21.65,52.1,5.41,62.85,pigeonpeas
15.69,69.11,20.07,22.5,51.22,6.67,73.29,pigeonpeas
21.94,66.57,21.55,19.67,52.52,6.08,71.3,pigeonpeas
19.25,55.56,16.28,26.42,35.0,5.83,80.9,pigeonpeas
15.55,69.6,17.26,21.35,41.08,5.46,60.06,pigeonpeas
22.29,69.5,17.24,25.29,49.84,6.7,76.91,pigeonpeas
18.03,59.88,22.13,26.98,38.63,5.74,96.08,pigeonpeas
23.07,69.77,22.54,22.33,46.81,6.32,63.14,pigeonpeas
20.44,65.64,16.67,26.59,46.68,6.9,61.7,pigeonpeas
17.65,64.02,17.97,25.86,50.18,5.21,80.55,pigeonpeas
20.09,60.54,24.33,27.1,48.94,6.43,78.47,pigeonpeas
24.21,65.42,22.29,27.48,40.48,6.61,67.81,pigeonpeas
18.45,60.03,24.79,27.42,49.02,6.45,82.48,pigeonpeas
24.47,62.44,18.81,19.79,50.72,6.47,75.37,pigeonpeas
15.25,67.58,15.11,25.74,54.41,5.88,69.4,pigeonpeas
22.05,67.26,20.46,28.64,36.03,6.01,88.74,pigeonpeas
23.63,57.69,23.0,24.08,42.93,5.26,94.61,pigeonpeas
16.57,59.65,17.9,27.59,48.45,6.59,70.02,pigeonpeas
21.25,63.58,23.33,27.97,35.24,6.35,62.07,pigeonpeas
20.49,59.31,18.07,21.88,47.43,5.67,89.31,pigeonpeas
19.05,56.03,22.84,21.14,43.66,6.37,73.3,pigeonpeas
15.57,60.61,24.44,25.06,48.43,6.26,67.96,pigeonpeas
19.18,66.26,16.01,21.06,40.53,5.86,99.21,pigeonpeas
15.68,62.78,16.79,28.68,37.27,5.81,89.52,pigeonpeas
22.05,61.34,18.47,22.37,40.29,5.41,79.32,pigeonpeas
17.69,59.31,21.57,28.65,47.07,5.15,63.02,pigeonpeas
24.51,59.46,15.92,24.59,47.47,6.3,70.7,pigeonpeas
15.15,69.48,17.51,25.44,49.13,6.22,72.52,pigeonpeas
17.71,63.97,23.66,28.41,37.12,5.31,97.79,pigeonpeas
22.37,68.24,17.03,24.46,49.02,6.36,76.33,pigeonpeas
15.15,63.74,17.53,22.95,54.15,5.8,93.59,pigeonpeas
16.89,65.09,24.77,19.12,35.17,5.87,63.71,pigeonpeas
22.48,68.72,19.34,20.85,43.69,6.45,60.36,pigeonpeas
20.89,64.2,21.38,20.66,49.28,5.18,67.97,pigeonpeas
23.77,66.08,15.14,20.73,39.29,5.54,69.9,pigeonpeas
15.63,61.88,22.33,24.67,48.46,5.16,98.06,pigeonpeas
23.38,67.08,23.23,28.26,45.89,5.4,84.67,pigeonpeas
22.43,66.07,20.21,18.75,42.42,6.84,83.38,pigeonpeas
20.38,59.03,18.68,27.85,48.33,6.57,78.17,pigeonpeas
21.3,58.73,22.05,22.7,43.85,6.3,97.45,pigeonpeas
15.64,67.37,17.92,22.88,35.44,5.6,80.11,pigeonpeas
15.56,62.37,24.27,19.16,50.29,5.82,86.21,pigeonpeas
17.6,57.39,16.6,18.78,38.71,6.33,95.27,pigeonpeas
23.14,65.28,16.1,21.18,41.2,5.5,80.6,pigeonpeas
20.36,60.35,18.54,27.11,50.79,5.62,96.55,pigeonpeas
24.53,59.9,18.54,23.56,53.82,6.75,64.1,pigeonpeas
18.93,63.3,20.03,20.13,52.18,6.35,93.52,pigeonpeas
23.59,66.23,19.39,24.72,38.21,6.35,67.17,pigeonpeas
21.94,58.44,16.18,19.82,35.04,6.44,89.3,pigeonpeas
20.15,57.42,15.84,18.21,38.31,6.78,69.66,pigeonpeas
18.54,56.58,17.22,23.71,47.16,5.49,62.31,pigeonpeas
18.91,58.51,17.2,28.56,47.33,6.11,76.63,pigeonpeas
19.29,63.11,21.96,25.72,38.43,6.0,76.48,pigeonpeas
23.71,64.47,20.33,19.27,47.11,5.23,73.49,pigeonpeas
16.43,65.38,17.06,22.31,52.91,5.41,80.31,pigeonpeas
19.19,55.27,22.93,18.76,44.49,6.12,85.14,pigeonpeas
21.89,58.8,15.1,25.96,45.71,6.67,92.86,pigeonpeas
23.43,62.28,18.34,26.71,44.03,5.37,94.2,pigeonpeas
23.83,61.99,15.76,22.27,51.07,6.8,68.14,pigeonpeas
15.67,68.16,18.89,23.96,54.36,5.13,85.93,pigeonpeas
15.74,60.63,23.04,22.77,54.94,6.12,72.85,pigeonpeas
17.2,60.26,18.73,18.76,42.39,5.93,88.91,pigeonpeas
21.57,65.63,15.08,20.39,48.23,5.97,60.21,pigeonpeas
23.04,66.59,20.48,18.73,50.33,6.17,91.28,pigeonpeas
22.52,67.05,20.18,19.54,48.42,6.24,89.69,pigeonpeas
16.7,57.92,23.9,26.25,53.16,6.52,83.89,pigeonpeas
21.54,68.34,20.79,24.96,38.13,5.95,88.66,pigeonpeas
17.71,58.03,18.14,20.66,39.3,5.85,96.31,pigeonpeas
20.07,57.82,15.77,25.66,42.66,6.64,86.38,pigeonpeas
22.96,59.08,21.92,20.9,53.78,6.27,72.98,pigeonpeas
17.7,57.86,21.95,20.41,46.91,5.53,86.48,pigeonpeas
23.15,66.67,22.61,20.06,36.77,6.4,74.73,pigeonpeas
19.32,55.47,17.6,18.37,52.58,5.49,82.29,pigeonpeas
15.39,65.0,18.23,27.88,52.76,5.65,96.04,pigeonpeas
24.96,67.38,23.45,20.74,46.53,5.13,63.8,pigeonpeas
24.99,59.9,22.48,26.87,52.16,7.0,69.66,pigeonpeas
15.4,61.17,16.3,18.25,42.21,6.57,82.65,pigeonpeas
18.13,64.82,17.32,18.16,50.29,6.25,90.49,pigeonpeas
15.39,67.56,21.2,24.2,47.49,6.73,83.48,pigeonpeas
20.81,69.86,22.57,22.87,49.15,5.78,69.16,pigeonpeas
20.97,68.92,24.29,21.76,45.55,5.42,99.83,pigeonpeas
24.81,64.74,23.04,25.87,46.86,5.11,78.19,pigeonpeas
21.75,65.16,18.73,28.36,38.35,6.0,87.64,pigeonpeas
21.97,64.73,17.75,19.72,47.72,6.2,67.17,pigeonpeas
22.05,61.83,21.68,27.21,38.39,5.04,91.16,pigeonpeas
21.1,65.49,23.38,26.83,54.22,6.07,79.54,pigeonpeas
19.02,57.31,20.73,21.05,53.43,6.17,83.71,pigeonpeas
18.55,55.78,15.32,22.66,36.69,6.21,95.24,pigeonpeas
23.83,64.89,17.11,27.49,52.72,5.39,89.5,pigeonpeas
17.87,52.04,24.97,25.3,38.46,7.25,59.2,mothbeans
19.65,52.71,15.62,28.35,26.01,7.95,54.51,mothbeans
23.53,54.07,15.85,28.86,26.07,6.42,36.88,mothbeans
19.69,44.03,16.01,26.67,27.21,7.95,52.78,mothbeans
24.68,46.6,17.78,32.98,29.89,6.6,36.98,mothbeans
16.3,43.85,18.55,31.74,25.94,6.42,54.27,mothbeans
16.47,45.14,23.65,26.55,26.24,6.97,39.07,mothbeans
20.63,52.06,16.37,30.81,32.58,6.29,48.72,mothbeans
17.74,47.32,15.82,29.6,29.6,7.64,31.71,mothbeans
19.19,46.88,22.25,30.74,35.01,7.55,55.87,mothbeans
18.14,48.07,23.4,34.89,38.34,6.74,35.85,mothbeans
19.89,51.12,19.93,29.83,37.57,6.72,55.79,mothbeans
19.07,44.92,19.54,32.62,26.89,6.39,58.54,mothbeans
16.75,48.52,20.79,29.9,34.67,6.46,46.58,mothbeans
18.72,49.93,16.41,30.71,27.78,6.56,36.56,mothbeans
16.83,52.39,17.86,34.27,39.55,7.14,34.29,mothbeans
18.75,51.97,18.67,25.87,33.35,7.69,53.88,mothbeans
16.75,50.09,17.21,27.18,38.11,6.5,37.9,mothbeans
15.01,53.06,22.93,31.27,36.25,6.3,43.75,mothbeans
18.51,41.41,19.86,34.21,25.6,6.58,36.23,mothbeans
17.38,53.63,19.68,29.66,36.41,6.31,44.62,mothbeans
19.3,48.95,25.0,32.69,30.97,7.66,35.12,mothbeans
15.3,43.07,18.4,30.11,34.23,7.82,45.3,mothbeans
20.01,40.75,15.35,30.51,31.57,7.68,34.82,mothbeans
15.25,46.74,17.37,25.5,35.87,6.22,48.25,mothbeans
17.81,42.6,18.8,33.01,30.88,7.5,33.76,mothbeans
22.73,43.55,21.77,30.66,38.94,6.77,31.98,mothbeans
15.19,52.4,20.25,32.75,28.52,6.69,30.9,mothbeans
24.61,50.02,24.33,27.65,34.17,7.36,39.53,mothbeans
23.48,54.21,23.85,32.39,29.16,6.56,58.9,mothbeans
15.1,50.74,22.06,31.23,39.85,6.62,40.2,mothbeans
15.79,46.64,17.61,28.43,37.52,7.87,35.57,mothbeans
18.73,53.93,15.62,25.92,27.44,7.19,34.51,mothbeans
24.68,46.7,20.02,27.47,32.06,7.32,52.54,mothbeans
22.54,48.67,24.04,33.17,36.36,6.11,30.21,mothbeans
17.12,49.95,19.11,29.02,38.27,7.79,57.28,mothbeans
18.14,50.37,17.72,26.91,27.77,6.68,42.9,mothbeans
23.31,41.8,22.35,30.31,29.32,6.99,39.0,mothbeans
20.96,46.51,16.64,26.17,33.2,7.8,40.32,mothbeans
22.33,49.88,24.32,33.21,33.5,7.31,56.95,mothbeans
19.0,44.9,15.11,33.27,37.01,6.21,47.31,mothbeans
19.64,41.78,24.81,27.15,26.01,7.19,52.17,mothbeans
15.32,49.88,20.32,26.03,27.59,7.14,38.89,mothbeans
24.38,52.28,24.84,27.6,39.55,6.86,40.43,mothbeans
15.5,40.79,21.92,29.58,28.4,7.23,37.59,mothbeans
20.78,45.39,23.24,33.21,32.16,6.7,40.88,mothbeans
23.06,44.92,17.09,25.85,32.0,6.96,55.23,mothbeans
17.21,45.71,23.08,33.24,30.77,6.92,39.1,mothbeans
24.33,41.78,24.34,31.84,32.97,6.07,44.27,mothbeans
19.08,42.42,21.56,34.71,33.43,7.43,32.05,mothbeans
19.18,41.75,21.13,34.38,34.93,6.15,40.64,mothbeans
20.51,46.05,23.34,33.15,34.18,6.75,37.66,mothbeans
16.06,45.32,19.13,31.76,34.87,6.14,41.86,mothbeans
16.82,42.35,23.27,25.42,31.29,6.34,56.38,mothbeans
20.57,43.47,20.02,32.31,39.37,6.44,56.59,mothbeans
24.34,53.75,21.35,31.3,31.05,7.5,45.94,mothbeans
21.77,46.43,22.31,33.24,27.2,7.67,46.21,mothbeans
23.45,46.47,18.79,34.15,28.77,7.69,44.52,mothbeans
20.14,44.63,20.73,28.25,25.59,6.54,30.19,mothbeans
24.78,54.49,18.95,32.28,30.19,7.34,54.16,mothbeans
24.47,46.0,22.83,27.66,39.85,6.05,48.11,mothbeans
21.6,50.32,16.2,34.39,27.72,7.25,36.68,mothbeans
18.07,48.2,19.17,26.6,27.56,6.84,52.72,mothbeans
23.98,41.26,18.93,26.0,25.25,7.32,48.07,mothbeans
16.63,43.51,15.24,33.35,39.62,6.27,36.94,mothbeans
23.68,53.9,19.2,25.51,25.59,7.15,41.79,mothbeans
15.29,48.75,15.11,32.87,29.6,6.08,47.65,mothbeans
18.98,54.61,20.44,27.75,35.64,6.54,57.13,mothbeans
18.75,48.25,15.51,29.26,37.49,7.61,36.73,mothbeans
17.26,52.26,24.3,25.95,31.75,6.67,56.12,mothbeans
15.84,43.17,22.52,25.51,32.39,6.88,40.03,mothbeans
18.95,47.95,16.61,30.72,37.08,7.52,34.62,mothbeans
16.49,44.02,18.61,29.08,35.2,6.11,31.04,mothbeans
18.92,50.46,16.93,31.42,28.9,7.77,56.87,mothbeans
17.97,43.45,19.11,27.41,35.09,7.65,50.19,mothbeans
23.24,45.95,16.56,32.38,30.41,7.34,38.12,mothbeans
15.81,54.89,16.56,34.88,39.66,7.59,49.78,mothbeans
20.78,52.99,17.89,29.68,34.29,6.82,42.82,mothbeans
18.3,48.46,23.51,27.02,39.02,7.38,54.7,mothbeans
20.56,51.69,15.16,33.18,25.6,7.78,59.76,mothbeans
17.94,43.15,22.65,27.53,37.98,6.21,33.78,mothbeans
24.79,50.11,23.47,28.24,35.15,7.19,48.09,mothbeans
21.83,48.63,19.29,27.76,36.53,6.45,50.77,mothbeans
17.33,49.38,22.47,27.19,25.9,6.26,48.18,mothbeans
23.49,40.67,22.34,28.41,32.18,7.86,39.96,mothbeans
19.65,40.21,15.82,27.59,25.42,7.26,42.79,mothbeans
20.48,42.62,17.96,31.64,39.48,6.1,56.71,mothbeans
20.77,48.46,20.0,25.69,26.35,7.2,40.23,mothbeans
24.17,46.1,16.43,32.15,29.4,7.05,50.93,mothbeans
24.0,51.88,21.76,31.8,39.19,6.59,30.03,mothbeans
17.72,43.27,21.62,31.34,33.9,6.03,51.86,mothbeans
18.24,49.98,20.57,28.43,27.02,6.19,54.95,mothbeans
24.18,49.75,16.03,29.02,35.93,7.56,33.55,mothbeans
15.0,50.68,18.57,27.54,25.19,7.08,55.53,mothbeans
24.58,48.49,20.14,25.85,33.23,6.76,48.21,mothbeans
18.89,43.6,15.95,28.15,26.45,6.35,59.62,mothbeans
19.44,47.98,23.74,34.96,33.74,7.62,39.81,mothbeans
18.06,46.04,21.73,31.82,29.73,6.27,48.97,mothbeans
16.28,48.68,21.93,32.01,36.3,7.75,45.0,mothbeans
22.3,49.29,16.87,25.26,29.27,6.89,48.51,mothbeans
23.5,42.94,16.26,34.63,81.08,6.72,83.42,mungbean
20.41,41.29,15.57,26.05,85.86,6.82,69.35,mungbean
21.38,52.3,15.42,29.98,86.89,6.38,72.31,mungbean
21.14,53.47,23.1,30.83,87.3,6.55,85.64,mungbean
19.66,42.85,22.02,30.56,83.59,7.37,60.84,mungbean
18.16,40.85,22.67,32.02,83.31,7.01,75.84,mungbean
22.56,46.81,19.12,34.35,82.51,6.18,83.38,mungbean
24.69,45.67,15.62,28.39,85.06,6.24,86.32,mungbean
24.98,46.78,18.55,29.01,81.15,7.32,76.59,mungbean
18.87,49.9,19.42,31.48,80.61,7.22,97.62,mungbean
21.49,54.32,16.51,29.77,86.02,6.87,76.06,mungbean
18.38,41.9,18.92,26.63,87.34,6.31,62.34,mungbean
20.52,48.93,23.72,30.77,83.45,7.2,81.61,mungbean
15.79,48.49,24.08,28.96,82.96,6.22,66.06,mungbean
19.33,48.94,15.81,34.4,87.55,6.88,93.14,mungbean
15.8,47.15,21.3,33.29,87.83,6.42,97.64,mungbean
16.24,53.13,24.71,26.77,87.22,6.06,76.22,mungbean
20.16,48.71,24.36,31.72,84.81,7.21,98.02,mungbean
15.22,54.74,15.86,33.14,82.8,6.2,77.59,mungbean
21.44,45.71,15.55,30.99,89.02,6.57,68.65,mungbean
19.43,40.73,23.2,33.26,85.88,6.53,91.99,mungbean
20.55,52.39,21.31,32.84,85.99,6.62,98.32,mungbean
20.41,49.08,17.2,31.26,85.72,6.28,62.38,mungbean
21.04,51.46,20.23,27.27,86.67,6.12,77.67,mungbean
16.63,42.77,17.02,28.87,80.51,6.6,80.47,mungbean
19.83,45.74,23.39,26.45,85.06,6.09,62.85,mungbean
20.74,48.49,23.78,30.58,89.6,6.07,63.92,mungbean
15.44,42.78,20.41,31.46,80.46,7.42,93.69,mungbean
17.97,41.16,16.7,26.27,81.23,6.78,69.83,mungbean
18.58,54.84,21.84,34.49,81.43,6.57,82.19,mungbean
15.77,40.06,21.7,31.42,84.11,6.73,76.62,mungbean
15.24,45.03,16.77,25.98,89.57,6.9,89.15,mungbean
18.15,45.9,17.37,25.97,81.79,7.2,87.1,mungbean
20.47,47.13,24.22,25.73,82.81,6.52,91.3,mungbean
24.93,43.61,23.74,33.31,82.25,6.6,76.39,mungbean
24.78,42.71,22.99,28.34,87.31,6.63,83.13,mungbean
23.33,52.06,23.66,25.6,86.92,6.21,76.63,mungbean
20.49,46.04,20.2,34.97,81.35,7.01,75.84,mungbean
16.33,42.38,24.49,33.8,89.07,7.49,68.33,mungbean
18.55,50.04,19.84,29.18,83.58,6.89,83.02,mungbean
16.61,47.08,20.53,30.7,82.1,7.11,61.01,mungbean
18.55,51.7,20.64,27.61,86.95,6.85,91.85,mungbean
22.35,49.15,19.88,26.33,82.61,6.63,83.97,mungbean
20.14,44.32,15.06,29.96,82.86,7.1,60.96,mungbean
20.85,54.12,16.74,29.72,80.91,6.94,82.02,mungbean
19.07,47.82,23.97,26.96,80.23,7.29,83.08,mungbean
23.91,48.95,23.1,29.3,87.5,7.37,82.88,mungbean
16.81,44.03,16.99,27.47,83.06,6.83,83.52,mungbean
19.26,49.23,15.82,25.88,81.72,6.78,68.56,mungbean
17.83,46.0,23.12,25.14,86.49,7.0,91.95,mungbean
24.33,40.3,16.54,33.86,84.59,6.85,86.52,mungbean
21.79,53.98,24.97,32.2,82.87,7.32,61.97,mungbean
17.31,53.46,17.56,27.21,81.38,7.29,80.0,mungbean
21.75,43.59,22.58,32.6,83.13,6.62,68.39,mungbean
24.77,49.68,24.35,28.03,87.82,7.15,87.67,mungbean
24.66,45.9,16.31,31.72,87.29,6.86,68.27,mungbean
20.04,44.68,19.27,31.45,87.45,6.35,76.21,mungbean
17.69,42.98,22.83,34.09,83.7,7.13,95.88,mungbean
23.46,42.74,24.56,28.77,83.39,6.09,79.45,mungbean
16.09,43.73,18.17,33.09,88.75,6.45,94.35,mungbean
23.57,51.47,16.47,31.9,89.45,7.02,73.26,mungbean
20.01,49.69,20.11,26.2,83.12,7.2,94.46,mungbean
16.37,54.29,18.29,31.62,87.52,7.22,97.83,mungbean
18.13,52.88,16.32,32.05,87.42,7.02,70.09,mungbean
23.73,42.53,15.54,32.17,84.75,7.27,75.34,mungbean
16.68,52.55,20.49,26.89,87.2,6.77,84.17,mungbean
19.61,52.43,23.3,32.09,81.05,7.26,86.84,mungbean
21.97,45.44,23.79,32.25,81.13,6.61,95.46,mungbean
15.47,54.42,21.79,31.31,82.71,6.37,97.68,mungbean
17.98,51.63,18.93,26.39,80.11,6.82,99.03,mungbean
18.69,45.36,18.44,30.21,84.41,7.32,80.22,mungbean
20.08,42.08,24.83,27.5,80.73,6.99,83.81,mungbean
19.15,46.33,22.85,26.96,88.2,6.97,76.76,mungbean
19.58,43.85,22.52,30.13,83.21,6.89,99.83,mungbean
19.35,53.81,18.45,25.55,82.04,6.63,68.79,mungbean
15.0,53.73,23.44,32.42,81.68,6.18,62.7,mungbean
22.24,53.93,19.31,26.19,85.12,6.52,74.99,mungbean
21.21,50.78,16.11,25.36,89.94,6.35,62.15,mungbean
16.9,40.58,18.92,33.02,83.41,6.67,87.02,mungbean
20.09,52.92,23.66,25.1,87.78,6.69,99.55,mungbean
19.83,54.8,22.55,27.49,85.38,7.49,94.3,mungbean
15.97,50.6,18.46,25.07,84.03,6.35,92.75,mungbean
18.37,52.41,15.01,28.08,82.41,6.35,62.73,mungbean
16.87,48.33,17.91,29.17,83.77,7.31,96.21,mungbean
19.93,44.95,16.07,34.53,80.6,6.45,71.92,mungbean
18.2,42.46,22.83,26.22,86.35,6.19,62.82,mungbean
24.09,42.85,23.21,30.45,80.78,7.43,69.88,mungbean
23.6,42.53,23.54,25.13,85.12,7.15,97.39,mungbean
24.09,52.29,23.88,26.99,82.84,6.43,75.08,mungbean
18.93,48.17,16.6,31.91,81.68,6.47,80.13,mungbean
22.96,51.09,21.46,26.56,85.47,6.13,75.09,mungbean
19.14,40.6,17.74,34.56,89.54,6.53,61.72,mungbean
16.79,45.88,24.48,26.41,87.64,6.16,99.25,mungbean
18.82,51.63,18.43,31.28,81.92,6.22,97.52,mungbean
24.18,53.31,21.25,33.08,80.69,6.5,72.55,mungbean
21.36,45.34,16.49,30.96,88.14,6.57,65.29,mungbean
16.97,43.56,18.0,31.43,86.01,7.04,74.5,mungbean
23.24,43.06,19.69,33.01,81.8,6.16,95.35,mungbean
18.43,50.26,15.25,31.9,83.16,6.08,84.39,mungbean
17.41,45.8,15.81,26.47,82.98,6.13,96.43,mungbean
30.09,62.26,16.23,28.08,83.52,6.24,98.63,blackgram
33.09,66.12,20.47,33.84,76.08,6.8,67.82,blackgram
32.49,68.75,18.28,28.72,80.2,6.51,98.08,blackgram
41.07,63.96,23.81,25.5,70.14,6.7,69.08,blackgram
41.16,68.79,19.24,28.42,84.23,6.67,79.56,blackgram
35.27,68.64,20.69,32.62,81.24,6.51,77.35,blackgram
42.73,60.45,22.94,34.41,77.46,7.11,92.2,blackgram
42.68,60.93,15.51,29.02,78.48,6.68,89.96,blackgram
35.35,64.52,16.86,32.49,75.91,6.31,71.68,blackgram
41.23,62.24,17.16,34.67,79.3,7.44,77.08,blackgram
37.13,68.47,20.25,32.07,70.04,6.67,64.94,blackgram
33.09,55.01,15.39,34.77,69.85,6.99,93.56,blackgram
38.26,57.3,22.28,31.0,79.63,7.15,99.02,blackgram
38.6,60.12,21.48,25.68,82.95,6.18,73.11,blackgram
42.24,63.96,18.94,29.73,82.09,6.51,94.79,blackgram
31.32,66.65,23.48,26.82,73.61,6.25,88.26,blackgram
38.03,64.53,16.96,27.12,65.83,6.48,82.39,blackgram
42.87,65.0,19.35,34.53,79.38,7.4,81.1,blackgram
33.88,55.79,22.26,26.21,71.06,6.8,82.58,blackgram
39.01,57.49,18.8,31.17,84.4,7.09,96.9,blackgram
41.43,63.88,16.92,31.67,77.47,6.9,79.59,blackgram
37.93,60.02,20.19,26.98,81.1,6.28,63.4,blackgram
36.54,64.87,19.38,27.77,76.16,6.52,97.31,blackgram
43.84,62.54,18.28,32.37,65.73,6.71,73.45,blackgram
43.81,55.18,20.53,32.41,74.7,6.13,98.9,blackgram
37.77,64.21,17.37,29.83,73.58,6.11,64.25,blackgram
42.56,58.6,16.95,30.05,80.37,6.09,83.07,blackgram
31.79,55.55,15.53,33.34,67.36,6.07,77.52,blackgram
42.66,58.94,19.22,25.4,73.98,6.87,82.84,blackgram
34.99,59.73,16.07,28.67,66.99,7.15,98.65,blackgram
44.55,67.98,21.01,32.01,70.7,6.95,78.23,blackgram
37.23,66.37,17.82,28.18,83.49,6.08,79.43,blackgram
43.69,64.16,20.46,27.5,71.87,7.28,82.37,blackgram
37.72,56.49,15.16,34.64,72.54,6.9,63.19,blackgram
40.25,68.99,20.76,26.26,76.63,7.15,76.26,blackgram
43.2,64.73,23.99,31.24,67.63,6.46,68.07,blackgram
43.63,66.41,21.76,28.01,68.68,7.13,78.97,blackgram
33.39,64.25,15.4,28.26,74.37,6.22,99.39,blackgram
33.14,56.96,17.04,32.69,73.51,6.85,60.84,blackgram
30.52,61.69,23.17,33.85,66.73,6.81,96.53,blackgram
35.82,67.44,16.34,34.35,80.03,7.41,87.06,blackgram
35.45,69.07,17.76,28.32,79.02,7.15,97.18,blackgram
33.07,66.97,22.39,25.64,72.74,6.42,72.18,blackgram
44.74,64.64,22.18,34.77,72.54,7.2,77.38,blackgram
43.04,57.71,24.48,27.19,71.52,7.13,75.75,blackgram
39.12,61.67,22.42,27.28,66.17,6.45,78.97,blackgram
32.52,60.32,19.0,25.57,76.67,7.33,66.07,blackgram
38.97,64.97,19.19,32.01,73.21,6.76,60.29,blackgram
40.38,64.92,15.38,28.68,84.58,6.63,80.08,blackgram
43.65,65.76,20.82,32.98,82.29,6.69,79.0,blackgram
35.79,69.5,21.97,25.83,82.26,6.72,62.75,blackgram
38.25,61.26,23.78,27.04,81.53,6.84,62.18,blackgram
44.58,62.69,17.91,29.69,82.16,6.46,67.71,blackgram
31.94,59.47,22.8,29.72,69.55,6.25,73.31,blackgram
44.1,60.15,24.88,29.85,68.58,7.34,78.41,blackgram
40.65,69.76,15.5,25.97,79.41,6.42,67.37,blackgram
30.59,55.33,22.74,26.34,74.35,6.91,77.13,blackgram
30.41,66.75,15.11,32.62,82.87,6.65,81.42,blackgram
37.15,60.84,23.87,33.94,71.72,6.92,97.08,blackgram
44.43,62.63,19.53,27.79,84.18,6.21,83.19,blackgram
34.24,59.19,19.05,34.99,66.1,6.87,63.3,blackgram
32.32,61.59,20.1,27.59,71.33,6.13,72.13,blackgram
44.5,69.17,18.35,30.71,83.19,6.01,92.43,blackgram
44.23,56.37,16.61,34.61,75.75,6.02,70.31,blackgram
36.75,65.39,22.33,34.95,70.75,6.81,81.33,blackgram
36.08,57.54,24.77,33.53,74.97,6.9,69.09,blackgram
38.16,65.42,20.15,34.9,77.23,6.56,90.89,blackgram
32.56,60.77,18.47,29.32,80.64,6.73,91.76,blackgram
38.65,60.13,23.1,27.38,69.49,6.76,70.43,blackgram
30.14,64.72,20.11,29.46,84.34,6.86,94.54,blackgram
32.09,63.54,23.68,30.83,79.36,6.56,63.7,blackgram
36.87,60.92,23.67,27.44,84.33,7.44,69.91,blackgram
35.22,68.43,24.67,29.43,71.42,6.79,87.51,blackgram
34.1,66.05,15.52,25.49,72.73,6.53,72.63,blackgram
37.37,59.81,16.92,28.09,84.5,6.62,77.79,blackgram
38.65,69.75,17.42,31.81,79.32,6.91,63.54,blackgram
40.15,55.96,20.96,32.4,69.22,7.26,61.21,blackgram
42.66,61.9,17.18,26.34,84.07,6.11,67.96,blackgram
35.22,64.3,20.45,26.26,70.79,6.36,68.54,blackgram
36.17,65.56,17.17,28.67,72.82,7.46,98.19,blackgram
42.0,58.62,15.68,28.17,70.34,6.76,91.11,blackgram
42.87,67.67,18.6,31.87,71.26,6.09,88.06,blackgram
30.15,61.14,18.29,31.93,80.32,6.46,92.47,blackgram
34.41,61.69,22.27,31.93,84.75,6.34,86.49,blackgram
39.15,68.73,16.56,32.52,76.37,6.41,78.98,blackgram
35.01,63.69,23.89,30.69,77.63,6.78,62.05,blackgram
33.49,62.38,18.1,26.82,75.08,6.48,70.32,blackgram
36.96,57.0,24.28,33.68,79.15,6.16,91.04,blackgram
42.12,66.52,16.14,31.44,81.69,6.87,85.86,blackgram
36.88,62.93,15.34,31.39,66.63,6.65,71.71,blackgram
38.18,57.0,21.92,32.95,68.27,6.16,65.82,blackgram
43.16,62.92,19.67,26.07,77.99,7.3,93.13,blackgram
39.39,56.13,16.12,25.49,70.15,6.2,70.4,blackgram
35.78,69.14,21.1,33.35,79.21,6.17,89.44,blackgram
34.13,64.59,18.41,34.98,70.27,6.42,97.23,blackgram
30.37,65.45,22.25,33.36,84.49,7.46,62.61,blackgram
42.33,64.69,21.47,26.28,78.0,7.47,96.47,blackgram
36.59,55.6,18.62,33.26,79.03,6.69,62.2,blackgram
36.4,62.04,24.29,31.41,71.23,6.79,62.64,blackgram
44.59,60.4,19.78,28.55,78.65,6.99,88.61,blackgram
17.68,59.74,16.25,21.56,65.4,7.2,66.09,lentil
23.91,61.74,19.59,15.77,71.71,7.64,47.34,lentil
19.21,67.58,23.77,17.43,70.51,6.38,43.06,lentil
24.11,67.31,22.6,15.49,73.44,6.88,50.27,lentil
20.46,56.37,22.57,20.82,66.87,6.38,45.53,lentil
15.57,63.82,23.4,15.17,65.49,7.15,64.58,lentil
18.27,60.24,20.96,17.74,65.27,7.47,58.77,lentil
20.81,66.13,21.75,17.06,68.52,6.25,43.9,lentil
21.76,67.88,24.63,21.28,66.84,6.21,64.39,lentil
20.79,64.27,22.81,22.03,73.34,6.11,62.43,lentil
23.51,59.29,21.4,18.14,74.58,6.07,57.39,lentil
16.67,65.68,16.76,17.35,69.94,7.83,46.35,lentil
16.44,66.38,20.01,24.12,66.47,7.29,46.99,lentil
16.57,65.25,20.94,22.55,68.09,6.9,52.16,lentil
24.84,59.38,17.95,18.55,70.65,6.5,67.46,lentil
17.66,68.44,16.03,21.57,74.07,6.34,69.05,lentil
19.53,69.19,21.77,18.02,66.88,6.61,42.79,lentil
16.44,56.57,19.23,22.96,66.41,6.26,59.3,lentil
16.97,56.46,16.67,24.24,73.21,6.71,59.67,lentil
20.37,65.16,21.83,21.29,67.66,6.08,53.67,lentil
23.91,63.54,23.32,24.92,66.64,7.38,60.23,lentil
24.8,69.78,21.87,17.44,72.99,6.21,63.42,lentil
24.1,60.74,21.31,19.3,69.38,6.62,62.86,lentil
24.36,69.11,16.75,23.75,72.37,6.51,42.02,lentil
17.68,68.68,21.33,22.21,67.57,7.44,40.84,lentil
18.75,64.4,16.46,23.23,67.35,7.3,52.16,lentil
20.96,56.61,15.17,24.1,67.7,7.64,69.98,lentil
17.11,58.98,21.63,24.65,74.16,7.01,63.85,lentil
16.36,69.66,24.64,16.64,67.99,6.2,48.15,lentil
23.16,60.67,15.88,18.42,74.81,7.26,52.48,lentil
16.67,69.79,23.21,17.81,65.7,6.11,43.61,lentil
20.81,68.93,19.97,23.43,69.46,7.42,61.96,lentil
16.74,60.42,21.37,15.71,68.62,7.07,69.89,lentil
19.75,67.24,19.32,22.96,70.95,7.77,52.33,lentil
21.04,64.45,19.17,16.44,65.94,6.03,66.21,lentil
17.36,58.17,22.36,18.2,70.06,6.33,68.79,lentil
23.52,67.96,19.07,22.62,66.44,6.02,40.6,lentil
20.87,61.83,20.18,15.07,69.23,7.44,53.28,lentil
22.32,58.5,23.13,20.88,67.11,6.47,58.84,lentil
23.3,61.23,17.58,23.67,71.69,6.9,54.64,lentil
17.04,64.4,18.59,24.96,69.8,6.97,56.98,lentil
24.17,67.01,19.51,22.19,70.86,6.98,45.77,lentil
19.64,58.69,24.15,18.35,74.52,7.07,58.95,lentil
20.43,56.94,18.76,15.99,71.23,6.89,63.34,lentil
17.2,57.47,19.06,24.27,72.1,6.84,55.52,lentil
15.84,69.77,21.66,17.85,70.86,6.22,68.98,lentil
16.75,64.72,17.45,22.18,72.77,7.35,58.43,lentil
23.92,56.18,18.31,17.48,74.88,6.78,61.98,lentil
21.85,58.18,17.39,17.81,69.11,6.47,40.59,lentil
23.79,69.48,18.42,18.39,65.07,7.36,64.76,lentil
16.47,57.39,22.9,21.16,65.45,7.25,49.27,lentil
18.69,66.55,23.11,19.0,74.47,6.81,63.16,lentil
19.84,68.46,24.08,15.87,74.36,7.65,63.74,lentil
17.01,67.08,23.5,17.89,74.52,6.1,44.5,lentil
20.38,63.64,21.45,15.17,74.6,6.09,44.29,lentil
15.14,63.5,24.32,21.66,73.23,6.03,56.26,lentil
19.6,62.48,15.72,21.84,70.03,7.53,54.56,lentil
16.49,64.72,16.72,23.72,71.13,6.31,68.87,lentil
20.18,56.09,21.27,17.53,73.04,7.64,69.37,lentil
20.02,61.82,22.53,16.32,70.47,7.09,42.68,lentil
19.18,67.8,23.56,15.99,65.91,6.53,66.24,lentil
16.29,65.8,16.01,21.23,68.56,7.58,47.01,lentil
21.39,58.54,22.14,23.74,66.27,7.73,57.81,lentil
16.27,61.41,16.61,22.0,72.59,6.21,55.18,lentil
23.15,69.04,20.14,24.5,70.36,6.79,65.45,lentil
19.93,62.08,19.9,23.47,73.32,6.81,50.0,lentil
19.92,63.59,17.38,22.94,69.86,6.67,43.2,lentil
17.39,69.24,18.05,16.69,69.61,6.61,41.05,lentil
18.23,63.16,20.52,18.57,69.47,7.93,51.32,lentil
17.58,58.65,19.58,22.6,67.06,7.42,40.63,lentil
19.19,66.64,18.39,20.64,67.05,7.48,41.57,lentil
23.53,57.97,23.74,18.53,72.23,6.64,67.18,lentil
16.27,57.68,19.93,15.82,66.96,7.89,69.29,lentil
18.76,68.85,20.45,17.7,72.02,7.32,69.67,lentil
17.65,65.08,15.52,16.14,65.04,8.0,64.07,lentil
22.87,62.65,18.0,16.51,67.85,6.75,62.69,lentil
20.4,56.16,15.18,16.02,69.1,7.87,59.12,lentil
23.02,62.0,18.62,16.08,73.76,7.57,45.04,lentil
20.12,62.31,21.25,24.46,70.8,7.08,41.51,lentil
15.63,57.81,15.32,22.43,72.23,6.27,65.08,lentil
16.55,59.52,17.49,18.72,67.55,6.98,52.22,lentil
24.87,55.84,16.42,15.53,71.26,6.11,65.09,lentil
20.12,62.91,20.62,16.71,66.98,6.64,57.8,lentil
17.1,56.74,24.7,15.22,73.03,7.58,48.92,lentil
16.36,57.18,21.97,21.43,72.83,7.87,60.76,lentil
16.56,58.65,23.42,17.09,65.73,7.41,52.08,lentil
24.2,64.75,15.9,24.48,67.59,6.67,52.07,lentil
15.51,62.45,16.23,19.01,68.51,7.55,64.1,lentil
16.53,60.5,18.73,16.51,72.98,7.41,45.71,lentil
18.67,56.59,21.28,16.21,74.86,7.56,51.71,lentil
20.79,68.67,20.54,16.74,68.79,7.69,59.33,lentil
21.51,68.0,23.94,24.2,65.95,7.09,62.22,lentil
22.57,64.1,16.67,22.97,72.2,6.17,53.91,lentil
16.74,60.06,15.18,19.0,70.5,7.24,59.9,lentil
23.36,58.23,16.2,23.52,66.57,7.95,65.28,lentil
20.01,69.72,15.97,18.03,71.38,6.7,67.85,lentil
15.66,63.24,20.91,21.53,67.56,6.73,65.31,lentil
16.95,67.4,20.63,22.62,72.14,6.42,57.06,lentil
23.68,61.48,24.67,19.52,66.43,6.78,68.55,lentil
18.2,68.02,23.81,18.5,65.83,7.45,49.35,lentil
22.83,46.64,42.28,25.78,80.74,6.16,75.05,pomegranate
18.67,47.89,47.13,21.62,82.86,6.51,70.78,pomegranate
17.78,54.0,45.85,23.77,84.72,5.54,84.72,pomegranate
20.1,48.19,40.39,18.81,77.9,6.93,76.35,pomegranate
19.67,40.79,35.56,25.17,83.07,6.26,69.72,pomegranate
22.45,42.52,37.85,22.61,79.29,5.87,85.81,pomegranate
21.51,52.37,41.27,18.73,79.1,6.97,83.85,pomegranate
22.1,40.11,42.77,18.38,83.54,6.88,98.74,pomegranate
20.41,46.87,49.18,24.74,75.97,6.2,69.61,pomegranate
19.7,46.83,43.73,21.57,77.46,6.26,93.21,pomegranate
21.64,45.08,49.03,27.12,78.14,5.56,89.65,pomegranate
23.28,54.52,48.35,24.01,82.95,5.54,69.87,pomegranate
19.6,49.43,43.36,25.43,79.2,6.35,63.53,pomegranate
19.14,51.25,45.4,27.91,79.17,6.25,73.18,pomegranate
19.41,52.85,45.26,26.82,78.05,6.81,62.39,pomegranate
23.89,44.94,39.72,23.12,89.11,5.57,74.09,pomegranate
23.57,45.94,37.99,22.25,80.78,6.87,90.48,pomegranate
20.05,54.83,41.98,18.58,78.93,6.15,66.28,pomegranate
24.48,51.5,39.02,23.91,85.82,6.91,95.27,pomegranate
20.15,51.62,43.43,23.53,76.72,5.69,81.18,pomegranate
17.69,40.32,45.84,18.32,83.93,6.31,98.75,pomegranate
19.84,40.95,43.28,26.41,89.95,6.15,72.81,pomegranate
24.07,42.87,44.23,22.06,75.62,6.02,70.61,pomegranate
21.86,54.23,39.02,26.11,75.83,6.31,62.82,pomegranate
24.34,51.5,44.87,26.24,84.71,6.95,88.56,pomegranate
24.25,47.76,36.76,23.28,76.9,6.39,79.3,pomegranate
21.23,40.15,37.92,22.91,89.26,6.08,76.97,pomegranate
22.15,49.06,39.48,22.11,78.27,6.95,65.23,pomegranate
18.72,40.39,38.33,25.8,78.02,5.62,78.98,pomegranate
15.1,41.27,47.11,25.71,88.73,6.78,87.33,pomegranate
15.52,51.74,47.68,25.99,82.63,5.85,93.81,pomegranate
22.27,54.71,37.34,20.26,78.18,6.69,67.48,pomegranate
15.67,54.98,35.37,26.35,80.48,6.76,82.18,pomegranate
24.02,53.89,35.14,18.75,78.76,6.5,95.53,pomegranate
19.6,49.1,37.83,26.05,89.51,5.9,79.79,pomegranate
15.86,48.39,42.54,19.44,81.63,6.0,80.87,pomegranate
20.86,40.13,46.42,25.13,80.49,5.58,90.2,pomegranate
24.55,43.6,39.85,19.84,83.65,5.73,74.25,pomegranate
21.97,48.4,40.8,22.2,83.43,5.51,63.14,pomegranate
23.81,41.17,45.6,27.2,79.06,6.06,82.76,pomegranate
23.82,54.13,46.09,18.87,85.04,6.12,78.83,pomegranate
15.49,42.87,46.86,22.54,79.52,6.08,94.18,pomegranate
22.49,44.08,36.76,20.52,88.81,6.37,81.34,pomegranate
20.96,45.49,47.11,23.23,76.75,5.69,81.47,pomegranate
24.37,44.63,48.04,25.64,78.72,5.55,64.07,pomegranate
22.28,43.0,40.57,23.02,85.88,5.67,76.25,pomegranate
19.85,48.11,47.28,19.72,87.12,6.54,82.23,pomegranate
22.0,46.18,37.08,24.66,82.87,6.46,73.52,pomegranate
24.07,48.81,36.28,22.5,86.35,6.69,79.78,pomegranate
23.95,44.02,41.16,26.99,88.44,6.53,94.36,pomegranate
15.89,52.97,39.81,19.78,78.59,6.13,70.05,pomegranate
18.21,42.02,39.44,23.72,81.63,6.02,89.86,pomegranate
23.94,51.35,39.98,25.44,77.28,5.7,73.83,pomegranate
23.08,43.7,35.95,19.32,87.88,6.45,70.13,pomegranate
20.55,47.91,44.83,20.33,87.97,5.96,87.77,pomegranate
15.16,45.59,40.28,23.43,76.09,6.69,68.71,pomegranate
21.77,52.05,43.43,25.41,84.93,6.03,92.35,pomegranate
17.95,48.57,46.18,21.79,79.54,6.19,92.72,pomegranate
24.3,48.18,44.92,27.03,76.48,5.85,88.36,pomegranate
23.24,52.86,41.23,18.89,81.57,5.85,71.65,pomegranate
22.72,41.13,47.41,22.28,83.94,5.63,73.49,pomegranate
15.9,54.42,47.11,22.6,78.35,6.9,73.78,pomegranate
16.61,48.45,49.16,18.04,78.57,6.91,66.84,pomegranate
16.13,48.55,47.93,22.77,89.92,6.52,62.96,pomegranate
24.93,46.12,39.31,23.58,79.56,5.63,60.06,pomegranate
19.5,52.55,43.58,27.99,79.3,5.92,66.39,pomegranate
16.64,44.28,46.89,27.06,89.63,5.85,95.25,pomegranate
18.28,41.69,48.05,24.36,77.47,6.14,71.49,pomegranate
22.37,46.8,49.84,18.55,80.33,6.22,80.13,pomegranate
18.16,50.94,48.12,27.39,87.08,6.78,82.02,pomegranate
23.26,44.55,40.98,21.17,82.01,5.93,98.46,pomegranate
18.13,41.47,42.9,18.57,76.66,5.83,78.57,pomegranate
19.33,52.0,46.09,22.26,80.01,5.97,90.96,pomegranate
15.52,40.19,46.93,22.77,76.96,5.85,97.3,pomegranate
23.6,50.65,42.23,23.2,89.63,6.95,68.61,pomegranate
23.11,42.96,38.2,24.76,81.08,6.9,63.56,pomegranate
20.12,53.78,48.56,19.57,80.5,6.43,66.38,pomegranate
24.68,53.72,37.5,19.21,76.28,6.86,67.74,pomegranate
19.16,46.73,43.99,18.72,78.4,6.9,96.34,pomegranate
22.81,40.29,39.91,24.28,79.13,6.86,85.36,pomegranate
15.72,53.64,49.37,18.78,82.99,5.96,75.71,pomegranate
16.8,48.67,49.37,23.03,76.24,6.43,73.61,pomegranate
23.56,46.52,37.89,19.91,86.53,5.9,90.69,pomegranate
17.06,44.83,41.98,27.43,88.98,5.81,74.33,pomegranate
16.49,47.65,41.91,27.01,88.95,6.08,79.67,pomegranate
23.96,52.1,35.05,21.2,81.33,5.84,67.98,pomegranate
15.38,49.65,38.94,18.52,78.46,6.7,94.06,pomegranate
19.83,46.24,49.67,20.01,78.23,5.94,66.91,pomegranate
18.79,53.66,44.23,22.12,89.02,5.57,68.41,pomegranate
20.66,49.23,35.59,22.03,84.74,6.55,85.53,pomegranate
18.21,41.4,41.41,19.29,89.21,6.21,72.69,pomegranate
22.66,47.47,39.65,26.12,88.01,6.51,61.88,pomegranate
20.66,51.45,37.05,20.29,88.24,5.53,90.11,pomegranate
19.74,46.7,35.11,26.19,80.4,6.31,87.09,pomegranate
22.03,54.34,42.97,22.0,89.31,6.46,71.93,pomegranate
16.26,52.64,40.43,24.6,82.06,5.8,84.07,pomegranate
15.61,46.2,43.2,22.36,86.23,6.74,90.85,pomegranate
15.39,42.91,43.05,27.35,87.52,6.76,72.13,pomegranate
19.29,47.06,37.36,18.31,89.2,5.86,69.6,pomegranate
15.83,53.93,43.7,24.67,88.67,6.02,84.86,pomegranate
90.78,63.74,52.47,32.67,80.26,6.07,153.36,banana
90.0,64.82,43.12,27.5,87.09,5.92,119.15,banana
100.09,77.31,43.62,25.79,80.35,6.62,155.07,banana
106.34,79.19,51.89,31.04,82.4,5.56,198.43,banana
97.67,63.04,50.0,27.84,83.79,6.38,144.57,banana
106.72,65.3,46.73,30.38,84.95,6.68,139.48,banana
102.92,63.01,53.99,28.83,85.94,5.53,120.52,banana
99.74,77.57,47.91,34.3,82.26,6.24,111.97,banana
106.05,64.94,53.49,34.11,89.15,6.28,167.71,banana
105.57,62.62,49.01,25.34,82.46,5.73,118.29,banana
97.3,68.65,49.35,25.74,82.56,5.77,157.4,banana
102.75,71.13,51.07,28.36,86.48,6.15,148.42,banana
102.96,60.37,49.81,31.19,79.65,5.63,109.09,banana
108.46,73.79,41.91,28.57,83.89,6.75,104.37,banana
94.73,77.79,40.14,27.01,89.39,6.42,126.17,banana
91.34,60.56,43.67,33.81,81.24,6.58,191.83,banana
98.16,63.83,47.76,34.08,87.07,5.6,169.26,banana
101.44,78.15,41.84,30.34,88.19,6.12,148.2,banana
91.41,65.56,44.87,34.45,79.24,6.19,167.13,banana
93.24,69.73,51.08,33.67,84.39,6.5,112.63,banana
108.92,62.65,51.62,27.65,89.0,6.58,175.38,banana
94.38,68.86,49.27,32.7,76.56,6.94,189.02,banana
95.41,76.46,47.77,29.62,79.72,6.37,172.99,banana
98.22,72.58,50.49,32.11,75.78,6.79,145.83,banana
95.25,64.84,47.25,33.87,80.68,6.62,109.68,banana
99.52,79.83,51.56,27.11,82.52,5.85,140.96,banana
105.6,75.42,43.42,34.22,83.89,6.07,150.19,banana
102.1,71.2,47.3,30.05,77.65,6.72,154.18,banana
92.62,75.32,53.99,34.47,80.54,5.7,151.84,banana
92.25,78.68,42.75,27.53,81.1,6.07,179.47,banana
99.13,63.42,44.01,30.09,77.21,6.42,156.57,banana
104.29,78.75,53.68,34.46,78.67,5.7,130.23,banana
107.9,79.44,52.89,26.1,89.21,6.14,100.93,banana
98.85,60.92,48.16,28.39,82.1,6.42,186.88,banana
103.24,68.68,52.29,34.06,76.8,6.3,128.45,banana
90.94,73.37,52.94,26.63,87.19,6.78,191.43,banana
95.31,78.08,44.81,30.52,75.76,5.57,172.04,banana
98.89,65.13,42.86,31.7,75.01,6.71,107.92,banana
93.83,67.72,47.27,28.55,79.81,6.95,164.16,banana
90.47,68.6,53.13,28.01,76.42,6.64,160.6,banana
101.41,61.07,42.11,31.23,78.12,6.26,154.49,banana
95.67,78.97,52.64,32.22,76.17,5.66,149.28,banana
93.21,79.57,42.38,29.87,80.46,6.46,112.9,banana
98.61,65.49,53.32,25.41,88.71,6.75,129.76,banana
105.79,60.62,54.5,30.27,79.55,6.04,106.64,banana
109.79,60.79,49.82,29.43,89.23,5.87,153.21,banana
99.65,74.06,41.02,26.94,78.22,6.61,118.91,banana
101.47,64.3,52.92,34.42,82.78,6.03,123.41,banana
91.0,65.37,49.81,30.34,89.16,6.09,169.39,banana
99.79,70.25,44.02,29.55,82.06,6.56,194.06,banana
96.59,60.84,47.44,30.44,77.53,6.64,198.49,banana
108.92,63.94,53.13,32.04,81.81,6.31,184.96,banana
99.6,67.46,47.4,30.79,77.84,6.85,167.42,banana
102.67,61.99,49.06,26.21,76.18,6.29,140.28,banana
101.78,61.78,46.46,26.75,89.81,6.34,168.74,banana
96.51,61.89,54.64,27.86,81.36,6.47,102.47,banana
106.21,70.73,44.17,25.62,77.44,6.84,168.6,banana
95.0,61.31,50.36,30.72,81.07,6.05,121.68,banana
103.39,79.41,42.64,30.97,81.36,6.17,125.41,banana
106.5,69.71,48.15,28.05,77.73,5.63,171.41,banana
93.92,73.8,45.86,29.16,82.04,6.05,110.06,banana
96.19,73.27,49.99,27.86,81.9,5.79,121.04,banana
90.46,77.93,43.16,27.28,79.19,5.69,163.93,banana
91.5,62.68,49.67,28.4,85.62,6.34,125.6,banana
103.02,62.33,48.05,29.37,79.02,6.41,187.13,banana
109.98,72.16,46.07,27.25,78.86,6.22,136.73,banana
108.28,67.37,45.6,28.84,87.55,6.48,161.42,banana
96.68,76.36,40.58,33.71,82.69,6.1,149.72,banana
103.35,60.26,53.07,29.47,80.14,5.71,143.95,banana
99.93,68.07,50.18,29.21,89.42,6.4,180.75,banana
92.19,67.95,45.05,30.69,87.92,5.62,107.26,banana
107.01,64.26,50.03,30.43,87.49,5.69,112.98,banana
101.14,78.93,46.22,28.27,84.1,6.9,183.69,banana
109.91,60.45,41.69,31.09,87.31,5.93,123.92,banana
105.74,61.13,45.54,30.06,83.41,6.59,135.48,banana
102.25,71.71,48.21,31.4,78.89,5.63,111.93,banana
94.49,70.0,52.61,32.01,86.84,6.03,140.47,banana
97.87,63.84,40.92,30.91,89.84,5.75,104.67,banana
105.59,65.05,52.44,32.04,89.19,6.11,166.2,banana
99.3,72.61,46.74,26.89,82.62,6.29,181.06,banana
104.71,73.28,41.7,32.21,82.5,6.84,191.99,banana
91.1,76.41,40.57,28.67,83.13,5.72,174.63,banana
90.17,63.37,48.71,32.14,88.75,6.56,167.18,banana
97.89,60.03,41.8,30.35,85.13,6.13,173.07,banana
100.44,61.48,42.88,33.4,85.87,6.84,111.76,banana
109.8,64.19,40.18,34.97,79.22,6.5,117.67,banana
101.6,78.08,44.8,31.7,77.82,6.44,133.65,banana
94.22,66.26,42.68,34.02,80.96,5.87,144.84,banana
96.41,74.89,54.57,29.38,87.92,6.35,115.72,banana
103.81,70.27,49.76,33.9,81.61,6.85,175.07,banana
99.77,72.06,44.88,34.84,85.01,5.57,132.66,banana
102.47,61.13,40.36,29.5,79.99,6.16,126.27,banana
93.29,73.78,47.72,27.0,79.79,6.39,107.22,banana
92.95,61.46,52.18,32.52,86.3,6.57,166.94,banana
99.54,72.85,40.58,31.21,86.67,6.25,135.75,banana
95.55,72.86,50.39,33.71,80.14,6.65,156.14,banana
107.66,70.56,47.76,30.78,86.24,6.95,107.36,banana
91.07,78.75,47.95,31.15,82.24,5.64,176.81,banana
104.94,66.23,44.59,33.38,76.09,6.82,125.67,banana
101.86,78.72,50.17,29.14,85.34,6.02,127.73,banana
24.97,22.51,21.45,27.91,45.98,5.56,106.63,mango
22.62,20.37,23.41,24.37,52.34,5.97,103.42,mango
15.72,24.54,17.23,34.15,53.52,7.47,106.62,mango
24.31,15.05,22.48,33.93,47.79,5.69,102.74,mango
24.34,20.42,20.27,25.55,45.02,7.12,92.63,mango
21.34,24.15,17.09,31.32,46.57,6.71,94.92,mango
22.36,18.01,19.63,30.59,48.43,6.98,99.08,mango
21.62,16.58,21.88,25.41,53.51,5.99,112.45,mango
17.62,23.82,23.92,26.16,57.28,5.68,101.75,mango
22.13,21.59,21.25,27.11,52.56,5.71,111.57,mango
20.04,22.09,17.49,27.57,51.68,5.55,100.23,mango
23.03,23.97,20.18,29.01,45.62,7.26,90.39,mango
24.45,19.89,18.42,34.17,45.49,6.66,106.47,mango
17.19,19.29,21.52,32.0,45.01,7.37,94.94,mango
17.34,17.63,15.38,25.35,64.73,6.13,93.46,mango
16.07,22.19,23.55,26.83,45.42,5.95,91.7,mango
16.03,19.32,17.3,29.68,50.07,7.38,117.18,mango
20.67,18.54,18.81,28.53,59.55,6.4,115.7,mango
24.44,18.36,20.61,25.05,49.01,6.33,96.19,mango
23.77,16.58,19.56,30.66,58.84,6.27,116.07,mango
20.68,19.4,15.67,29.11,61.41,6.73,114.96,mango
19.94,16.18,15.14,27.34,58.96,7.08,98.87,mango
19.96,19.21,19.11,26.54,47.73,5.89,91.66,mango
16.98,15.09,21.27,27.48,64.46,5.89,100.37,mango
18.58,15.08,23.39,24.35,63.8,7.28,106.07,mango
20.44,21.54,18.87,31.12,45.9,5.61,103.72,mango
20.5,23.88,16.05,33.05,49.2,6.29,99.5,mango
19.0,16.5,20.04,32.82,53.83,6.48,115.46,mango
22.06,19.9,17.58,33.73,56.54,5.94,98.07,mango
23.03,15.44,24.92,25.43,60.92,6.29,104.77,mango
23.81,19.13,20.37,24.54,45.05,5.99,110.42,mango
16.21,16.14,19.11,31.13,59.24,5.86,92.39,mango
24.4,17.61,23.53,33.5,60.45,5.84,114.65,mango
22.69,20.97,18.37,26.89,47.44,6.52,107.56,mango
18.59,19.75,18.64,31.05,63.03,5.83,101.44,mango
16.41,21.25,22.29,34.25,50.58,7.4,91.9,mango
21.03,15.57,23.94,29.83,58.39,7.16,94.51,mango
15.39,23.79,18.15,25.42,54.37,6.7,90.93,mango
17.75,15.33,19.2,33.85,64.65,6.77,94.85,mango
24.06,20.16,16.54,34.14,60.15,6.96,111.28,mango
17.0,17.11,21.88,26.42,53.77,7.06,113.52,mango
19.53,22.92,23.39,31.2,49.57,6.05,99.45,mango
16.17,17.73,17.1,29.01,63.17,5.71,111.61,mango
21.87,15.96,24.23,30.25,52.27,7.01,97.72,mango
21.94,15.4,23.39,28.93,57.73,5.94,110.31,mango
22.72,19.73,21.18,29.02,62.88,6.5,115.25,mango
23.01,19.11,17.3,28.47,61.52,5.96,105.73,mango
23.06,18.53,21.42,26.7,47.19,7.09,92.97,mango
17.71,23.55,18.46,34.7,64.59,6.04,91.23,mango
22.05,19.51,16.01,31.78,45.62,7.24,94.16,mango
16.27,16.76,24.6,31.62,61.03,6.3,100.09,mango
17.34,19.81,20.52,30.95,50.14,7.4,95.09,mango
24.66,15.15,19.81,27.67,53.98,6.64,103.07,mango
19.15,22.33,21.86,33.17,50.0,6.72,107.56,mango
18.7,19.86,18.14,25.56,49.28,5.71,110.49,mango
21.61,24.51,22.3,24.57,62.68,7.23,103.3,mango
20.86,24.76,20.32,33.96,46.66,5.88,103.22,mango
20.85,23.16,24.88,28.28,45.95,7.1,108.13,mango
16.99,19.95,22.42,32.47,54.99,6.11,119.21,mango
21.63,19.08,17.8,32.04,49.84,5.84,105.9,mango
17.9,21.29,16.18,31.2,50.67,5.5,93.81,mango
24.34,23.67,17.34,32.56,57.17,7.44,101.21,mango
21.81,15.64,18.96,34.6,55.78,6.08,93.61,mango
22.04,21.45,18.74,34.46,45.44,6.11,117.63,mango
18.21,17.52,20.34,33.06,47.06,7.39,113.85,mango
16.81,22.12,18.85,28.43,60.67,7.43,93.8,mango
19.21,19.81,18.76,28.0,46.05,6.87,103.09,mango
16.95,23.16,23.03,29.35,50.97,6.78,98.64,mango
17.36,22.31,15.4,25.04,45.14,5.81,92.07,mango
24.96,17.89,16.49,26.65,63.72,6.54,100.94,mango
23.73,18.95,18.35,26.28,52.56,6.13,110.32,mango
17.9,20.77,15.66,26.1,53.15,7.37,101.32,mango
21.64,17.55,16.27,24.64,51.11,5.82,95.22,mango
22.61,15.16,20.58,28.17,55.13,6.63,99.4,mango
17.95,22.33,23.71,26.12,46.95,7.3,100.5,mango
20.51,18.6,16.26,30.48,55.5,5.91,103.56,mango
22.97,20.9,15.97,30.03,59.05,7.09,108.87,mango
16.53,22.1,21.77,24.27,53.23,6.17,110.08,mango
17.16,20.91,24.13,32.78,63.43,7.46,90.32,mango
21.23,19.13,23.6,26.77,64.62,6.73,113.81,mango
15.86,16.83,22.58,24.24,61.34,5.53,109.71,mango
18.65,21.11,21.96,27.77,47.16,5.64,107.67,mango
20.21,22.42,20.1,28.65,52.96,5.55,100.07,mango
24.76,23.74,18.29,30.47,61.95,6.38,90.54,mango
15.75,20.1,24.69,31.63,46.42,5.88,113.14,mango
23.41,21.18,21.44,24.31,61.57,7.08,97.77,mango
22.09,17.15,15.4,26.21,48.57,6.18,102.55,mango
20.09,19.77,17.71,24.32,57.1,6.29,98.96,mango
23.67,22.47,23.58,29.44,47.62,6.89,96.18,mango
19.41,15.65,23.25,25.39,63.06,7.23,103.94,mango
22.44,21.19,23.03,28.75,60.72,6.42,118.23,mango
19.86,19.63,22.85,33.04,56.09,5.86,104.03,mango
24.68,22.53,23.11,24.36,54.36,6.79,114.9,mango
15.49,23.52,20.48,26.17,51.35,6.06,105.93,mango
15.52,16.59,23.13,25.46,49.67,6.41,105.51,mango
22.64,19.47,22.9,30.8,47.26,5.81,103.11,mango
18.97,22.44,20.81,28.27,48.42,5.95,107.27,mango
19.23,20.15,16.71,31.29,62.05,6.02,104.75,mango
24.76,18.33,20.95,24.99,57.12,5.68,118.78,mango
22.16,22.88,22.04,30.49,54.0,7.22,118.71,mango
19.99,24.32,20.83,12.85,84.54,5.71,60.07,grapes
17.42,20.1,18.8,12.04,89.81,5.85,69.04,grapes
16.34,15.48,22.75,13.14,87.61,5.65,71.44,grapes
17.54,17.28,15.12,9.17,83.09,5.62,79.72,grapes
18.09,16.3,16.99,13.29,80.64,6.36,79.23,grapes
17.47,19.5,15.22,13.77,84.14,5.77,64.14,grapes
21.54,19.16,16.8,14.2,85.65,6.36,62.35,grapes
22.86,21.74,16.15,14.25,84.42,6.44,62.83,grapes
21.43,18.82,24.57,10.97,89.62,6.4,65.41,grapes
23.04,24.96,17.53,11.93,85.2,5.79,60.31,grapes
17.2,17.82,19.44,9.54,88.73,6.2,61.7,grapes
21.5,21.54,24.56,8.03,82.48,6.43,78.64,grapes
22.21,22.66,15.91,12.62,82.32,5.68,76.21,grapes
16.35,19.69,24.39,9.67,89.78,6.49,71.11,grapes
16.7,18.16,19.24,10.78,82.81,6.47,63.07,grapes
22.33,15.0,20.96,16.24,82.88,5.69,73.03,grapes
22.13,21.88,18.19,10.27,89.56,6.42,69.15,grapes
23.46,19.52,19.24,9.41,84.26,6.04,60.45,grapes
19.44,22.81,21.8,13.72,89.1,5.52,71.14,grapes
22.87,20.41,18.24,9.23,88.88,5.97,77.56,grapes
20.86,21.74,23.04,13.93,83.98,6.01,76.06,grapes
18.74,18.88,15.96,16.23,80.91,6.15,68.26,grapes
19.06,21.8,15.67,13.34,87.72,6.33,63.41,grapes
23.97,21.56,23.82,12.37,85.42,6.42,78.0,grapes
19.48,17.74,18.93,11.49,82.87,5.77,77.22,grapes
15.7,21.78,16.73,11.1,80.62,5.77,75.37,grapes
23.85,17.22,19.64,12.23,88.74,6.26,70.26,grapes
21.71,23.47,15.1,11.63,89.07,6.24,70.86,grapes
20.3,18.48,20.21,13.9,84.18,6.21,77.22,grapes
16.55,19.52,19.08,14.19,82.5,6.14,77.55,grapes
19.18,24.11,24.93,8.95,82.33,6.45,79.17,grapes
15.98,15.15,16.61,16.96,81.8,6.0,76.97,grapes
15.2,21.04,17.77,15.76,82.83,6.19,73.48,grapes
17.21,15.35,19.09,10.6,88.09,6.3,69.14,grapes
21.07,21.04,23.27,11.83,82.75,5.77,70.72,grapes
19.49,19.4,15.91,14.47,82.14,5.7,68.26,grapes
17.28,20.84,18.71,12.04,85.37,5.7,63.12,grapes
23.8,19.34,19.12,8.32,84.98,6.05,71.18,grapes
22.07,16.77,17.52,15.3,89.47,5.64,69.95,grapes
17.14,15.6,18.26,9.29,87.1,6.03,62.88,grapes
15.09,23.08,16.76,13.46,83.37,6.09,66.31,grapes
15.87,17.23,16.88,11.85,86.58,5.76,60.24,grapes
20.19,21.06,24.63,13.31,84.71,6.07,78.56,grapes
23.28,18.23,17.37,10.36,85.04,6.24,70.06,grapes
15.68,22.24,23.06,10.61,86.64,5.93,77.78,grapes
23.45,20.25,21.92,15.95,84.96,5.81,75.07,grapes
17.2,18.89,23.66,14.52,84.04,5.71,67.12,grapes
17.84,16.76,22.43,10.27,84.54,5.89,79.64,grapes
18.91,15.8,15.9,13.32,85.99,5.92,68.64,grapes
15.54,20.17,20.05,9.35,81.04,5.62,62.02,grapes
21.1,16.96,17.51,9.56,89.58,6.35,64.61,grapes
18.28,17.1,19.92,8.18,86.71,6.02,77.97,grapes
16.64,23.04,22.92,9.14,83.99,5.67,65.09,grapes
17.63,20.56,19.11,16.53,81.26,6.47,64.61,grapes
22.73,18.39,16.43,15.72,83.09,6.16,71.33,grapes
19.72,19.96,22.32,8.79,86.68,6.4,61.16,grapes
16.41,22.17,19.37,11.63,81.37,6.01,62.53,grapes
19.77,22.64,17.58,12.33,89.92,6.19,76.83,grapes
19.15,22.68,15.41,9.11,82.03,5.9,76.91,grapes
18.46,21.55,22.09,13.28,83.57,6.08,66.85,grapes
15.84,24.93,16.27,8.65,88.79,5.8,73.01,grapes
18.29,18.91,17.62,11.09,84.11,6.22,70.23,grapes
24.44,15.42,20.03,13.26,89.2,5.55,71.47,grapes
23.54,17.42,23.76,8.17,87.32,6.43,73.14,grapes
19.39,15.45,24.2,12.23,80.29,6.19,69.64,grapes
16.24,17.14,15.64,13.17,86.22,6.01,76.34,grapes
23.61,21.16,15.13,14.26,84.18,6.07,72.98,grapes
18.5,24.17,16.34,14.04,80.04,6.42,62.25,grapes
15.95,18.33,18.74,9.93,85.85,5.94,60.68,grapes
18.2,23.1,21.9,14.52,86.98,5.81,61.99,grapes
17.72,23.32,24.8,12.44,80.1,5.64,66.44,grapes
20.79,15.75,24.43,11.29,89.13,6.28,75.11,grapes
21.07,21.27,21.38,13.66,85.54,6.49,74.65,grapes
22.77,23.72,17.16,8.75,84.83,6.01,76.58,grapes
19.44,20.71,20.27,8.34,86.15,6.33,63.15,grapes
20.94,20.94,16.64,9.11,89.8,5.89,64.55,grapes
16.71,21.68,21.09,13.79,80.88,6.39,67.79,grapes
18.13,19.62,18.9,15.77,89.29,5.8,77.28,grapes
22.82,24.31,17.46,13.19,82.75,6.32,60.11,grapes
20.65,18.39,18.23,13.8,88.51,6.11,77.06,grapes
17.65,20.2,19.51,8.1,85.57,6.16,71.84,grapes
22.36,20.71,15.67,9.05,85.96,5.77,61.59,grapes
19.3,20.54,18.29,14.48,86.44,5.83,75.1,grapes
21.49,21.37,20.53,8.1,86.97,5.88,78.85,grapes
23.18,20.88,17.52,9.83,83.4,5.98,65.92,grapes
20.15,16.65,24.78,8.97,89.32,6.41,70.51,grapes
22.25,19.36,21.3,11.07,83.01,6.08,69.96,grapes
20.8,17.87,18.67,8.76,80.52,5.75,61.48,grapes
16.04,23.13,15.39,13.93,82.73,6.37,69.7,grapes
18.06,20.18,18.82,13.08,81.15,6.5,68.51,grapes
18.48,22.1,18.64,15.5,84.54,6.22,62.15,grapes
23.46,22.36,17.12,9.31,83.16,6.48,65.14,grapes
19.56,15.3,18.97,13.14,89.53,6.02,76.38,grapes
20.47,15.41,18.15,13.18,89.51,6.36,64.57,grapes
17.2,17.01,24.22,15.67,87.75,5.89,70.09,grapes
19.64,17.53,20.05,8.27,81.32,6.39,75.03,grapes
19.23,20.17,18.7,14.67,87.84,6.26,74.45,grapes
17.05,18.38,19.7,10.98,87.55,5.83,62.76,grapes
18.99,24.8,17.26,13.51,84.33,5.57,69.76,grapes
22.02,20.13,23.72,10.6,80.86,6.44,67.56,grapes
101.53,51.88,44.86,31.88,81.35,5.94,42.89,watermelon
106.22,43.34,50.76,34.38,85.28,6.31,49.22,watermelon
96.52,47.13,49.04,34.85,89.38,6.79,57.78,watermelon
99.36,49.86,53.43,28.32,89.62,6.12,52.02,watermelon
104.2,54.26,43.67,32.21,85.21,5.9,55.53,watermelon
101.04,49.91,44.84,29.29,86.17,6.11,43.97,watermelon
109.23,47.67,51.01,28.52,83.55,6.11,48.18,watermelon
100.88,48.15,47.46,25.48,84.96,5.75,42.52,watermelon
108.65,49.07,49.89,28.42,89.09,6.46,55.38,watermelon
97.37,54.4,52.31,33.39,81.72,5.91,45.71,watermelon
95.42,52.83,40.48,24.84,82.74,5.8,44.64,watermelon
105.96,48.45,40.09,28.72,84.08,5.67,53.52,watermelon
104.04,50.81,50.93,24.0,89.54,6.72,58.08,watermelon
90.31,54.01,52.15,33.21,80.93,6.61,59.2,watermelon
103.57,48.56,54.18,28.87,85.99,6.21,58.66,watermelon
91.52,47.52,50.3,32.71,85.83,6.86,58.84,watermelon
91.29,46.04,40.35,27.62,85.37,6.87,56.93,watermelon
92.55,41.4,48.84,29.85,82.66,6.85,58.55,watermelon
98.05,53.35,45.76,32.1,84.76,5.68,58.56,watermelon
99.08,51.02,45.51,24.21,81.01,6.24,53.8,watermelon
96.69,50.43,50.48,31.74,84.93,6.87,49.78,watermelon
99.01,42.99,44.61,24.47,86.34,5.87,46.08,watermelon
105.42,44.91,43.63,25.86,87.75,5.69,49.08,watermelon
100.14,50.31,49.5,32.92,80.45,5.94,45.6,watermelon
92.92,44.34,44.65,29.74,86.64,6.07,54.39,watermelon
96.72,44.35,48.12,24.26,80.8,6.13,58.86,watermelon
104.43,41.32,52.69,32.06,86.11,6.73,48.08,watermelon
94.43,47.68,48.23,29.92,85.65,6.92,58.04,watermelon
107.51,52.02,54.15,25.08,82.65,6.24,56.93,watermelon
100.1,51.22,42.08,26.78,87.32,5.75,47.03,watermelon
95.3,45.25,50.62,28.05,85.55,5.65,56.1,watermelon
97.4,49.73,50.88,26.31,88.85,6.42,48.57,watermelon
93.65,54.13,51.33,26.29,83.38,6.71,53.91,watermelon
105.32,46.62,50.75,28.25,82.11,6.45,59.52,watermelon
96.21,46.91,50.11,29.96,88.43,6.64,41.17,watermelon
109.97,51.29,52.96,31.16,88.56,5.67,46.95,watermelon
107.53,43.02,41.17,32.67,88.35,5.74,57.09,watermelon
103.74,47.8,52.45,28.61,81.94,5.93,50.1,watermelon
100.63,52.08,51.87,30.4,87.81,5.79,41.0,watermelon
107.47,41.13,43.7,31.65,84.09,6.81,45.96,watermelon
90.24,44.51,48.67,28.14,85.35,6.81,58.25,watermelon
95.32,46.93,48.24,34.44,89.99,5.85,54.54,watermelon
97.56,40.12,40.14,29.07,84.88,5.53,53.74,watermelon
95.88,48.4,44.51,25.84,84.07,5.85,50.7,watermelon
93.98,47.63,42.36,31.38,87.54,5.67,49.36,watermelon
91.42,48.97,43.97,29.8,85.17,6.89,50.98,watermelon
101.66,46.02,54.24,32.55,82.85,6.77,48.65,watermelon
106.57,52.34,42.83,31.71,82.91,5.95,45.93,watermelon
104.51,43.45,40.01,31.87,81.71,5.66,44.75,watermelon
97.6,47.14,40.67,34.68,87.16,5.98,46.37,watermelon
98.97,49.39,42.2,26.08,88.59,5.88,47.6,watermelon
107.43,49.95,45.13,31.52,80.2,6.6,49.74,watermelon
106.26,54.32,53.89,34.0,85.12,6.04,49.3,watermelon
103.8,53.26,43.1,34.1,88.15,6.97,57.61,watermelon
95.6,41.59,41.68,27.2,86.14,6.71,57.99,watermelon
102.48,40.08,42.79,25.1,83.63,6.25,40.87,watermelon
96.97,42.69,49.71,29.11,84.95,6.14,59.12,watermelon
94.29,47.75,51.04,30.13,89.29,6.07,49.27,watermelon
91.77,49.13,44.32,25.76,85.45,6.3,41.52,watermelon
103.96,49.36,42.84,29.16,87.2,6.29,47.91,watermelon
96.45,49.16,54.09,31.39,80.75,6.19,57.82,watermelon
91.89,54.83,54.24,24.86,89.33,6.04,56.89,watermelon
98.37,46.61,49.51,32.52,80.34,6.39,43.73,watermelon
96.92,45.22,47.04,27.68,81.07,5.72,40.67,watermelon
99.4,54.32,41.74,34.41,87.33,6.46,52.91,watermelon
106.53,41.6,47.57,31.67,85.87,6.75,41.45,watermelon
103.81,48.01,45.69,27.74,86.21,6.84,49.92,watermelon
106.49,46.03,41.54,24.68,80.51,6.07,46.74,watermelon
104.36,51.14,40.76,26.43,82.74,6.32,42.89,watermelon
92.68,54.16,52.06,25.99,84.07,6.03,55.82,watermelon
100.2,41.92,51.08,28.37,82.63,6.06,49.96,watermelon
96.86,43.63,45.98,24.21,87.72,5.76,40.88,watermelon
103.07,51.61,52.21,29.43,82.05,6.61,53.99,watermelon
94.93,53.55,41.57,34.81,88.6,6.53,58.77,watermelon
104.45,42.86,46.63,24.79,83.9,6.61,47.73,watermelon
96.61,48.93,53.08,24.52,83.85,5.74,53.91,watermelon
92.11,49.97,44.29,26.19,89.36,5.53,48.76,watermelon
90.43,47.25,47.52,27.54,81.32,6.06,53.45,watermelon
105.65,47.96,48.85,26.21,82.87,5.74,44.99,watermelon
94.5,47.79,48.44,34.39,81.96,6.46,56.35,watermelon
101.2,43.83,43.94,24.43,83.05,6.62,40.95,watermelon
94.39,50.59,51.74,29.01,86.98,6.08,43.2,watermelon
97.96,48.7,54.22,24.76,85.07,5.99,50.17,watermelon
90.48,44.7,52.3,30.09,84.51,5.93,45.96,watermelon
97.66,52.53,54.51,28.83,83.93,6.77,48.54,watermelon
101.04,43.46,51.15,29.85,88.09,6.67,44.3,watermelon
104.31,52.0,45.19,25.9,80.03,6.18,47.05,watermelon
101.1,42.82,52.89,26.84,82.26,6.22,49.98,watermelon
94.3,44.08,42.55,31.9,87.7,6.19,54.28,watermelon
104.72,42.07,54.49,33.03,82.04,5.78,42.51,watermelon
92.77,51.22,47.04,32.61,87.46,6.41,53.73,watermelon
90.37,44.68,49.57,24.1,80.33,6.78,53.68,watermelon
95.31,50.32,51.89,27.37,80.36,6.9,46.9,watermelon
92.13,47.38,51.53,26.44,82.69,5.86,59.83,watermelon
93.95,48.63,53.88,25.62,89.71,6.92,57.69,watermelon
94.29,49.51,51.41,34.85,81.8,6.65,46.78,watermelon
93.51,46.32,51.91,29.11,85.38,6.99,47.98,watermelon
102.31,45.48,45.89,31.65,89.38,6.31,55.37,watermelon
91.78,43.17,47.53,24.22,82.53,6.28,40.3,watermelon
95.29,47.71,48.6,34.18,86.45,6.12,58.61,watermelon
105.7,43.0,41.96,34.76,92.8,7.18,34.78,muskmelon
102.5,54.8,48.0,29.13,94.14,6.38,35.55,muskmelon
109.14,50.45,48.94,32.6,91.82,6.53,32.73,muskmelon
105.03,50.18,42.98,32.94,93.96,6.71,30.73,muskmelon
105.42,49.92,46.14,36.95,90.81,7.49,22.38,muskmelon
90.3,53.35,43.67,35.3,94.06,7.29,39.83,muskmelon
95.88,50.65,41.73,32.07,94.24,6.55,31.82,muskmelon
100.08,49.69,54.59,28.56,92.87,7.29,29.63,muskmelon
91.57,48.41,44.98,29.55,94.25,6.78,38.67,muskmelon
106.12,50.39,40.08,32.28,90.99,7.37,23.49,muskmelon
95.72,47.75,43.95,30.1,93.0,6.13,21.16,muskmelon
97.44,50.81,48.32,32.23,92.83,6.55,38.72,muskmelon
91.1,50.1,53.37,36.04,90.92,6.44,34.34,muskmelon
91.69,52.18,50.78,35.3,90.5,7.08,33.6,muskmelon
106.62,40.62,40.35,31.73,90.74,6.84,38.35,muskmelon
97.83,52.67,40.0,29.69,90.15,6.49,38.16,muskmelon
91.94,49.1,46.77,37.38,90.61,6.32,20.59,muskmelon
98.68,44.17,53.05,34.05,93.07,6.8,21.84,muskmelon
98.9,54.99,52.53,36.93,94.12,6.15,24.55,muskmelon
90.06,44.55,41.63,32.73,93.39,7.31,34.98,muskmelon
108.77,40.81,40.18,34.61,91.45,6.38,26.62,muskmelon
95.4,47.67,46.6,33.12,93.36,6.58,25.03,muskmelon
93.32,45.24,51.13,35.57,93.33,6.35,31.76,muskmelon
101.41,47.26,48.25,32.92,92.83,7.07,22.19,muskmelon
104.99,42.04,41.0,37.76,94.78,6.09,28.87,muskmelon
93.72,47.28,52.45,37.51,93.17,6.53,32.07,muskmelon
96.24,53.65,53.06,33.58,91.62,6.44,20.67,muskmelon
106.32,46.76,44.88,32.71,94.09,6.19,37.15,muskmelon
107.95,54.2,45.96,30.17,91.87,6.5,23.52,muskmelon
102.15,47.15,52.99,28.32,93.22,7.14,35.19,muskmelon
107.72,50.94,53.92,31.33,92.52,6.02,20.14,muskmelon
94.8,41.51,43.9,29.77,90.14,7.36,20.16,muskmelon
104.72,42.28,53.68,36.93,93.27,7.01,20.11,muskmelon
109.7,53.17,53.43,34.59,91.72,7.34,25.83,muskmelon
101.25,41.5,53.83,29.41,91.12,6.84,35.28,muskmelon
102.39,43.48,40.01,35.57,94.93,7.21,29.2,muskmelon
108.08,46.15,47.87,32.77,92.24,7.16,30.54,muskmelon
96.33,43.87,40.57,33.83,91.15,6.22,33.08,muskmelon
103.62,51.28,47.55,36.94,94.68,7.21,32.71,muskmelon
96.07,54.74,44.11,30.03,92.21,6.09,39.57,muskmelon
101.77,48.35,49.84,32.97,90.16,6.92,34.32,muskmelon
98.33,51.36,43.41,30.21,90.81,6.56,36.94,muskmelon
106.56,45.74,48.84,35.21,91.21,6.25,39.44,muskmelon
102.35,54.72,45.07,35.03,91.11,6.39,30.24,muskmelon
96.39,42.51,43.94,28.36,93.52,6.74,21.88,muskmelon
93.43,41.54,49.19,28.94,93.77,6.03,24.99,muskmelon
107.81,50.78,41.09,36.21,92.47,7.27,32.01,muskmelon
103.64,54.9,43.49,34.24,92.3,6.06,20.29,muskmelon
92.38,49.74,48.51,33.53,90.16,6.7,38.49,muskmelon
97.95,49.37,51.7,35.84,92.6,7.29,27.83,muskmelon
107.77,43.6,44.2,28.53,93.98,6.63,24.58,muskmelon
94.64,53.52,52.51,33.54,93.08,6.71,27.83,muskmelon
108.31,41.88,46.28,31.45,92.49,6.69,30.38,muskmelon
92.8,47.7,43.64,29.84,90.32,7.14,28.55,muskmelon
102.53,50.91,50.19,32.71,91.94,6.56,32.8,muskmelon
99.9,52.74,53.12,29.71,90.68,6.95,26.02,muskmelon
90.37,53.33,43.4,37.29,93.59,7.14,24.03,muskmelon
94.68,47.82,42.58,31.05,91.61,6.24,24.1,muskmelon
105.77,42.51,40.43,34.29,94.88,6.5,22.37,muskmelon
101.41,53.6,51.76,34.23,91.58,6.81,21.82,muskmelon
103.58,50.88,54.48,30.6,90.09,6.82,34.14,muskmelon
105.81,42.91,43.93,33.13,91.65,7.29,29.48,muskmelon
105.99,48.71,51.6,31.33,94.16,6.41,30.92,muskmelon
94.28,47.13,44.77,30.67,94.83,6.24,35.75,muskmelon
109.68,40.3,50.49,30.53,90.2,6.6,38.7,muskmelon
90.24,48.82,47.52,36.73,90.42,7.02,33.6,muskmelon
103.38,54.14,52.35,28.42,92.36,6.6,26.2,muskmelon
99.03,45.76,46.49,37.79,90.44,7.38,29.6,muskmelon
102.47,52.45,45.41,32.3,92.05,6.56,38.51,muskmelon
106.58,41.63,41.62,32.28,90.49,6.93,22.87,muskmelon
100.45,40.11,44.75,34.77,92.42,7.47,37.48,muskmelon
97.18,40.68,52.68,37.11,94.1,6.19,39.96,muskmelon
95.17,50.86,53.62,30.36,94.54,6.46,39.53,muskmelon
95.63,54.3,40.8,35.09,92.66,6.72,24.47,muskmelon
104.11,42.86,48.29,30.53,94.78,6.04,23.99,muskmelon
94.85,46.21,43.49,32.91,94.36,7.07,31.6,muskmelon
91.78,50.41,42.5,35.86,91.25,6.63,27.01,muskmelon
107.18,41.9,48.48,29.42,93.52,7.36,28.69,muskmelon
99.76,53.91,47.81,32.88,92.89,7.03,22.14,muskmelon
106.42,46.53,41.09,35.86,91.88,6.15,32.68,muskmelon
107.6,53.32,54.36,36.68,90.01,6.57,36.37,muskmelon
97.33,49.02,49.09,31.65,94.52,6.75,29.3,muskmelon
109.95,47.4,42.68,33.13,94.07,7.17,35.77,muskmelon
104.16,43.81,52.93,36.93,90.97,6.2,39.51,muskmelon
107.37,53.4,53.3,33.42,93.23,6.82,21.02,muskmelon
104.91,47.58,49.72,33.03,92.46,6.26,25.57,muskmelon
93.18,42.93,54.59,29.53,91.35,6.89,32.2,muskmelon
93.08,51.91,51.78,30.37,91.44,7.41,36.51,muskmelon
103.96,41.23,46.27,33.59,90.94,6.67,32.02,muskmelon
96.55,51.71,52.61,31.24,94.19,6.16,36.75,muskmelon
93.06,41.24,49.63,32.72,94.54,6.54,25.74,muskmelon
100.01,46.84,45.17,34.94,93.8,7.28,39.46,muskmelon
95.33,50.74,45.91,34.77,92.38,7.49,34.58,muskmelon
109.05,52.52,53.54,36.14,92.3,6.38,27.41,muskmelon
90.4,47.86,47.58,33.25,94.87,7.37,23.23,muskmelon
97.38,46.36,45.41,35.98,92.62,6.86,37.06,muskmelon
106.12,41.98,50.71,32.35,91.47,6.08,29.74,muskmelon
97.11,43.77,50.42,35.69,91.22,6.07,36.98,muskmelon
90.2,54.06,49.41,31.22,91.23,6.01,24.71,muskmelon
92.75,49.18,42.5,33.29,92.95,6.45,20.7,muskmelon
15.37,120.53,206.09,21.95,93.98,5.93,111.32,apple
20.13,134.26,199.1,21.36,92.78,5.83,111.06,apple
21.47,129.88,204.3,22.63,93.7,6.21,113.35,apple
21.79,137.47,201.48,22.24,93.82,6.08,101.78,apple
23.92,120.62,206.23,23.28,94.77,5.55,114.92,apple
19.28,126.61,196.35,22.69,92.4,5.6,115.31,apple
22.38,135.35,208.58,22.23,94.77,6.37,107.41,apple
16.59,128.71,201.03,22.73,92.92,6.25,112.75,apple
16.05,137.17,199.65,23.91,90.59,6.46,102.28,apple
17.31,120.93,205.58,23.55,92.17,6.43,114.76,apple
21.3,136.91,199.45,22.06,94.53,6.4,124.41,apple
24.02,122.55,207.36,22.23,94.95,5.97,113.85,apple
20.3,126.43,196.13,23.69,94.01,5.64,119.42,apple
21.26,128.18,198.81,23.58,93.5,6.05,115.24,apple
15.91,129.48,197.91,21.63,93.31,6.41,110.09,apple
17.08,132.97,208.07,23.24,94.34,6.04,118.8,apple
16.4,126.97,200.84,22.53,94.65,6.37,103.36,apple
16.73,127.15,199.36,22.84,94.51,6.46,116.34,apple
23.38,130.5,198.12,22.57,92.78,6.24,105.5,apple
18.68,127.28,209.39,22.33,93.78,6.25,106.64,apple
20.72,137.89,202.13,23.84,91.07,5.57,122.29,apple
23.48,139.85,205.19,23.81,94.13,6.34,114.23,apple
18.82,138.69,201.48,22.62,92.23,6.06,111.76,apple
15.48,137.64,201.67,22.77,90.7,5.5,106.13,apple
22.05,121.98,208.63,21.65,91.02,5.68,100.35,apple
22.72,137.5,204.21,21.56,91.43,5.98,123.86,apple
17.47,134.63,201.59,21.89,92.28,5.57,119.97,apple
17.43,134.51,196.03,23.87,90.97,6.38,120.24,apple
24.68,129.56,205.91,22.11,90.92,5.94,104.14,apple
24.82,121.92,203.84,22.88,92.69,6.16,102.9,apple
20.55,125.74,209.1,23.29,94.86,5.54,107.13,apple
16.95,120.22,198.63,23.04,91.16,6.01,122.2,apple
21.94,127.89,200.59,22.37,90.89,6.13,109.1,apple
23.52,135.13,204.16,22.09,91.05,6.28,112.16,apple
17.25,123.9,197.48,23.33,91.14,6.03,111.29,apple
20.8,137.54,208.02,22.35,90.08,5.93,115.15,apple
20.58,133.03,197.31,22.94,90.91,6.25,108.48,apple
22.1,120.96,201.12,23.12,91.13,6.3,115.77,apple
20.88,127.07,202.24,22.79,92.36,6.2,110.84,apple
17.02,124.28,195.09,21.9,93.74,6.29,105.06,apple
24.59,130.05,208.75,23.12,93.61,5.59,105.5,apple
15.09,134.32,200.17,23.36,91.69,6.32,103.27,apple
16.73,126.82,201.13,22.05,93.82,5.6,108.78,apple
23.37,121.34,209.14,23.96,90.44,5.79,109.31,apple
22.76,131.92,204.67,23.27,90.59,6.33,117.64,apple
20.77,137.79,205.5,21.61,92.15,5.99,101.38,apple
24.55,122.57,205.46,22.52,90.13,6.42,121.3,apple
20.24,124.58,196.82,22.09,91.28,6.01,124.16,apple
20.75,137.8,204.76,22.43,94.27,5.97,121.72,apple
17.92,122.58,207.83,22.76,94.45,6.44,101.34,apple
20.01,127.5,204.39,23.38,91.4,6.06,117.72,apple
16.34,136.28,204.09,23.85,91.7,5.61,112.66,apple
15.86,139.39,195.58,23.26,92.63,5.87,101.65,apple
21.22,131.7,199.21,23.73,91.52,5.95,113.59,apple
16.0,138.64,200.62,21.24,91.94,6.1,112.84,apple
21.95,121.11,199.27,23.46,90.4,6.36,102.3,apple
23.34,127.22,204.18,21.46,90.33,5.72,103.2,apple
18.12,130.29,203.83,23.37,93.28,6.11,110.29,apple
19.74,128.29,207.63,21.69,90.03,6.15,105.06,apple
23.9,137.18,196.15,21.32,92.48,6.11,106.87,apple
22.17,131.9,199.87,21.08,93.75,5.71,120.86,apple
19.2,131.54,208.09,23.59,91.86,5.71,119.38,apple
19.33,123.84,208.57,21.59,90.13,5.52,115.56,apple
21.62,126.22,199.8,22.02,93.4,5.56,123.23,apple
17.23,139.99,197.57,23.31,91.12,5.58,121.87,apple
23.59,128.07,205.54,22.67,94.26,5.82,113.09,apple
19.85,127.08,208.37,21.5,90.75,6.08,116.44,apple
16.95,127.81,209.2,21.74,93.34,6.24,111.2,apple
24.38,134.73,201.87,22.71,93.46,6.09,121.97,apple
18.57,126.0,198.21,21.11,90.22,6.37,116.96,apple
21.61,132.29,207.74,22.44,94.35,5.86,123.17,apple
21.99,125.14,203.46,22.6,90.69,6.09,107.87,apple
15.52,138.97,204.62,23.63,93.38,5.86,112.82,apple
21.76,139.21,198.81,23.62,94.62,6.17,123.28,apple
18.98,139.06,205.54,21.13,94.53,5.98,111.51,apple
20.66,122.99,202.04,23.49,90.08,5.77,100.06,apple
19.16,134.57,206.98,23.84,93.04,5.75,123.1,apple
22.75,131.49,205.43,23.77,93.56,5.87,117.83,apple
15.4,127.73,201.09,21.5,90.12,5.63,116.37,apple
23.02,139.76,200.2,22.8,94.69,5.67,117.94,apple
22.55,121.78,207.92,23.44,90.17,5.59,101.23,apple
18.35,130.19,202.99,21.8,94.56,5.87,101.14,apple
18.0,130.62,201.12,21.82,90.66,6.32,124.9,apple
18.3,127.63,204.27,23.16,91.96,6.4,114.0,apple
19.5,132.93,209.29,23.38,90.2,5.83,111.76,apple
18.15,134.0,207.39,23.19,94.95,5.77,121.87,apple
22.67,127.24,206.01,21.31,93.95,6.03,107.31,apple
21.56,132.83,198.14,21.09,92.17,6.07,121.92,apple
24.28,130.58,206.31,22.32,93.73,5.7,109.28,apple
21.34,120.36,205.84,23.51,92.0,5.95,121.28,apple
22.76,125.76,199.86,23.04,92.82,5.66,107.75,apple
24.0,133.76,209.79,23.3,94.71,5.72,119.29,apple
15.2,133.42,202.04,22.04,94.31,6.35,100.56,apple
21.1,127.36,201.23,23.5,91.55,6.44,104.49,apple
21.63,133.44,198.78,21.97,94.17,6.26,108.23,apple
20.34,121.23,198.13,22.46,90.43,6.34,117.95,apple
24.44,133.87,209.11,22.66,93.0,6.48,116.05,apple
15.31,134.48,208.58,23.39,92.92,6.17,124.75,apple
15.91,133.34,199.25,22.92,93.04,5.65,105.17,apple
21.22,122.56,198.98,23.51,91.64,5.99,123.53,apple
17.27,18.9,16.06,13.78,94.51,7.37,125.53,orange
17.28,15.25,13.84,10.71,93.55,6.99,110.88,orange
23.37,17.49,14.32,13.34,92.15,6.66,111.31,orange
19.01,22.65,19.15,12.07,92.12,7.05,128.86,orange
17.67,19.4,17.96,13.05,90.55,6.94,113.73,orange
20.1,20.29,18.76,12.31,91.4,6.35,127.49,orange
16.71,19.26,11.87,13.87,92.37,6.53,117.22,orange
23.52,20.54,17.18,14.49,94.51,6.49,129.05,orange
15.25,18.77,18.96,11.37,91.37,6.45,122.25,orange
19.38,22.27,18.95,13.37,91.02,7.4,115.29,orange
16.5,15.9,15.63,10.57,90.69,6.45,115.63,orange
21.04,23.17,17.61,11.31,91.23,7.45,110.16,orange
23.8,17.0,19.47,11.71,92.2,7.06,121.75,orange
18.18,20.54,17.31,10.21,90.06,6.69,112.64,orange
21.64,17.14,14.33,10.99,92.74,6.17,110.46,orange
15.51,24.54,11.42,13.54,90.34,6.16,120.18,orange
19.65,24.52,19.45,13.9,93.01,6.68,117.12,orange
24.47,21.03,15.79,11.16,90.23,7.42,116.27,orange
19.43,16.15,18.37,10.14,94.17,6.21,127.73,orange
22.3,16.65,15.66,11.56,90.89,7.29,118.07,orange
18.99,16.7,13.83,14.36,91.82,7.43,128.93,orange
16.45,16.77,18.63,11.96,90.02,6.41,121.95,orange
22.99,16.33,11.11,14.61,93.76,6.88,125.38,orange
19.29,22.58,13.72,11.22,93.65,6.63,129.63,orange
18.49,24.22,19.33,11.21,93.99,6.65,128.35,orange
19.5,22.44,14.67,11.14,91.0,6.64,125.11,orange
21.05,21.89,12.82,12.41,90.22,7.23,129.8,orange
19.07,15.11,11.7,13.26,93.06,7.18,115.08,orange
22.64,21.88,13.23,12.73,90.74,6.68,127.62,orange
19.21,23.4,15.9,10.96,92.91,6.76,117.97,orange
16.2,19.17,10.73,10.49,92.08,6.46,128.51,orange
18.76,22.58,15.3,13.52,91.3,7.41,120.6,orange
23.31,18.65,11.0,13.37,90.04,6.71,113.86,orange
21.27,24.79,14.64,14.09,92.54,6.74,128.61,orange
23.9,22.86,12.96,12.73,91.12,6.67,119.68,orange
23.32,23.96,14.15,10.09,94.31,6.26,122.44,orange
15.25,19.0,19.86,10.5,92.12,6.46,128.1,orange
23.69,17.38,10.81,13.14,91.68,7.01,110.64,orange
16.33,21.86,12.12,14.29,90.29,6.32,129.97,orange
19.33,22.03,11.83,13.05,93.63,6.47,126.58,orange
21.03,18.89,15.58,12.88,90.83,6.6,116.87,orange
19.01,22.61,14.83,14.7,91.47,6.62,125.74,orange
20.46,20.47,10.53,11.99,91.35,7.5,116.17,orange
23.84,21.76,13.41,12.72,94.2,7.33,113.21,orange
18.4,18.35,10.42,12.99,94.27,6.57,124.8,orange
21.28,18.76,11.41,13.55,94.27,7.03,110.36,orange
17.16,15.69,15.7,13.78,90.55,7.26,121.11,orange
21.9,24.71,10.84,14.51,90.63,6.59,127.03,orange
24.06,20.06,15.94,13.54,94.16,6.18,126.2,orange
19.81,19.51,14.24,12.55,94.73,6.82,129.06,orange
16.8,22.24,18.12,13.4,93.03,6.85,127.22,orange
23.22,16.22,18.49,12.07,91.27,7.3,118.64,orange
23.08,17.63,10.04,12.48,90.5,7.13,115.52,orange
19.44,15.87,12.87,13.91,90.76,6.97,128.35,orange
21.8,23.11,11.09,11.25,94.47,7.07,122.79,orange
21.64,19.14,10.45,13.92,93.39,6.71,128.0,orange
18.36,17.94,18.73,13.98,92.57,6.2,114.3,orange
21.56,18.85,18.36,14.75,94.03,6.57,125.77,orange
18.51,16.67,10.33,11.93,94.52,6.36,114.13,orange
24.7,15.25,17.86,11.61,90.19,7.38,112.79,orange
20.52,17.74,10.65,10.25,90.58,6.11,125.21,orange
19.86,18.43,14.18,14.64,94.55,7.07,127.69,orange
18.2,18.81,16.14,13.12,92.41,6.6,129.72,orange
23.21,19.35,17.27,11.35,90.5,6.53,118.06,orange
15.17,23.15,13.59,12.9,90.37,6.26,127.79,orange
21.09,24.5,19.99,11.86,91.49,7.29,129.97,orange
21.3,22.95,17.82,11.78,92.87,7.25,123.76,orange
15.21,18.37,11.44,11.16,94.53,6.06,114.4,orange
18.1,21.17,15.34,11.09,90.82,6.36,120.05,orange
17.71,24.48,14.64,10.29,93.65,6.49,123.07,orange
17.8,20.71,17.72,14.64,91.31,6.5,119.29,orange
24.27,24.01,10.9,10.66,92.48,6.16,116.91,orange
16.48,21.36,19.49,14.98,91.88,6.9,127.13,orange
16.17,21.9,14.09,11.03,92.01,6.11,123.91,orange
17.53,18.11,11.21,14.32,92.47,6.86,121.39,orange
19.1,16.93,17.45,10.64,90.52,7.07,114.18,orange
18.07,19.75,14.49,13.54,93.12,6.97,124.28,orange
17.93,18.22,14.38,11.54,94.92,7.22,113.29,orange
15.06,15.43,12.44,10.57,92.67,7.29,124.74,orange
17.16,18.99,15.08,14.05,94.2,7.36,120.18,orange
21.94,16.12,15.65,11.24,92.16,6.95,115.14,orange
15.52,15.1,10.22,10.04,90.55,6.36,114.42,orange
24.87,18.06,11.27,12.73,94.29,7.02,115.92,orange
20.62,22.15,17.28,13.33,94.35,7.31,121.58,orange
19.3,21.42,18.18,10.03,94.96,6.27,119.4,orange
23.72,17.25,14.77,10.66,91.98,6.27,117.27,orange
18.73,24.93,19.95,10.57,93.63,6.08,110.6,orange
16.05,24.65,19.41,10.97,90.81,6.36,120.31,orange
20.7,17.22,17.57,11.55,94.61,6.99,118.73,orange
22.9,23.18,12.9,11.7,94.68,6.25,110.84,orange
19.54,23.01,17.72,14.6,92.67,6.15,121.77,orange
22.78,15.93,11.73,10.06,92.97,7.33,123.41,orange
24.82,15.63,19.03,14.07,91.57,7.46,115.76,orange
23.89,23.81,17.58,12.82,90.6,6.8,117.14,orange
22.92,22.58,19.11,10.07,94.05,7.41,125.79,orange
16.3,15.81,10.21,13.14,93.15,7.48,117.96,orange
18.32,21.24,18.26,14.68,94.02,6.64,122.7,orange
23.56,19.91,12.17,10.85,90.0,7.08,112.22,orange
17.44,17.98,15.6,11.99,93.37,6.08,112.48,orange
19.99,18.37,12.96,10.34,94.48,7.04,112.43,orange
45.98,54.62,50.22,29.17,93.51,7.13,189.0,papaya
52.17,46.45,40.17,34.27,93.02,6.3,195.98,papaya
58.72,54.84,53.11,34.98,91.22,7.26,191.15,papaya
48.46,41.48,54.69,27.96,94.35,6.01,151.05,papaya
51.99,43.58,50.35,30.66,90.39,6.24,169.4,papaya
47.78,51.88,46.24,25.93,92.42,6.14,156.45,papaya
48.59,52.89,53.87,33.26,91.67,6.41,177.46,papaya
55.83,54.9,41.97,25.49,93.47,7.25,192.32,papaya
55.18,54.31,47.67,34.14,94.84,7.27,165.49,papaya
47.94,48.22,46.8,33.78,90.5,6.39,187.59,papaya
46.42,44.81,45.81,31.23,90.79,7.29,172.38,papaya
58.76,47.02,44.13,26.42,90.02,6.8,155.36,papaya
50.88,48.84,44.14,26.75,93.87,7.42,155.02,papaya
47.33,54.4,40.57,34.78,90.02,7.31,165.37,papaya
59.08,44.75,49.81,25.8,91.21,7.16,176.43,papaya
58.92,46.43,53.05,29.49,94.9,7.44,166.46,papaya
58.29,52.71,43.16,31.24,90.36,7.26,158.73,papaya
46.06,46.0,48.65,33.55,94.87,6.66,153.02,papaya
56.24,48.48,46.72,28.09,92.51,6.51,187.85,papaya
53.16,53.15,48.15,27.38,94.26,6.84,160.34,papaya
54.35,45.37,52.67,29.53,93.63,6.14,169.8,papaya
59.75,52.13,42.4,27.78,91.65,6.98,187.85,papaya
56.24,47.65,52.16,29.37,90.62,6.85,197.62,papaya
56.89,48.68,49.7,34.31,92.14,6.5,198.86,papaya
57.95,44.85,46.96,29.15,90.75,7.44,170.22,papaya
58.13,42.84,48.22,25.24,93.82,6.87,181.28,papaya
45.78,43.17,41.11,27.89,93.14,6.85,180.61,papaya
53.24,44.1,43.67,26.37,94.25,6.92,159.33,papaya
47.66,53.1,51.14,31.59,92.03,6.39,198.97,papaya
56.96,44.53,52.71,32.59,91.49,6.64,159.3,papaya
46.67,50.84,44.01,33.2,94.98,6.11,173.65,papaya
57.03,51.83,51.4,28.49,92.27,6.89,198.7,papaya
49.91,53.85,44.04,34.89,93.35,6.7,180.67,papaya
49.09,44.11,41.7,26.14,91.74,7.14,180.4,papaya
46.54,52.78,49.02,34.61,93.35,6.26,173.69,papaya
54.73,40.42,40.22,26.29,91.26,6.64,174.37,papaya
47.07,50.1,48.94,27.94,90.07,6.12,169.58,papaya
47.31,45.65,49.42,30.47,91.16,6.52,180.7,papaya
57.91,51.3,48.3,28.62,91.83,7.32,151.96,papaya
59.82,49.97,50.22,25.38,93.03,6.73,155.29,papaya
49.17,53.35,48.25,29.13,90.36,7.07,185.14,papaya
54.21,47.65,46.51,30.93,91.17,7.41,179.44,papaya
49.67,46.75,52.09,26.62,91.46,7.02,165.77,papaya
56.89,41.96,51.44,25.68,90.06,7.35,179.07,papaya
50.28,43.49,49.25,30.09,94.96,7.47,181.75,papaya
51.64,47.37,50.24,26.02,91.64,6.11,153.67,papaya
47.94,47.28,51.77,29.85,91.68,6.12,177.51,papaya
49.07,49.22,54.66,26.11,91.06,6.71,198.43,papaya
56.58,53.47,45.01,34.92,90.51,6.08,192.78,papaya
58.91,41.36,41.7,25.33,90.52,6.31,198.5,papaya
55.02,51.68,51.64,30.35,93.99,6.89,165.73,papaya
53.42,48.0,52.35,34.82,92.06,7.15,154.99,papaya
56.65,45.57,40.59,28.63,93.05,6.18,196.2,papaya
46.17,53.95,50.61,28.3,91.95,7.11,180.07,papaya
55.07,45.84,47.32,34.9,91.07,6.63,164.59,papaya
56.48,51.46,44.39,25.81,90.06,6.64,170.52,papaya
59.83,47.05,43.85,33.91,92.46,6.9,154.78,papaya
50.74,54.16,48.84,28.45,93.13,7.37,163.7,papaya
52.58,54.38,42.59,32.2,93.07,7.02,167.56,papaya
49.71,50.26,43.23,29.2,90.94,6.01,198.5,papaya
51.48,54.54,42.1,30.87,91.0,7.19,189.19,papaya
46.69,53.68,42.92,31.13,94.93,7.32,197.83,papaya
50.14,41.58,42.83,30.0,93.97,6.23,182.99,papaya
49.85,45.12,49.93,29.67,94.06,6.23,189.5,papaya
45.96,42.91,49.84,33.55,91.26,6.49,176.86,papaya
48.17,52.17,51.6,26.45,92.32,7.16,166.87,papaya
54.5,40.75,49.13,26.53,94.15,6.53,164.08,papaya
57.61,40.75,45.95,28.7,91.42,7.37,187.55,papaya
45.96,50.72,47.91,34.01,91.56,6.86,175.04,papaya
52.34,46.84,43.08,32.56,92.26,7.44,163.04,papaya
55.24,54.11,49.95,33.71,94.14,6.54,180.01,papaya
47.34,48.03,43.46,32.44,92.64,6.62,163.44,papaya
59.98,41.08,40.65,27.17,94.86,7.47,182.75,papaya
58.2,43.21,54.58,26.43,90.51,6.17,178.66,papaya
56.71,45.5,54.67,29.34,90.75,6.7,183.95,papaya
57.48,46.88,48.9,27.67,93.23,7.48,152.45,papaya
58.3,48.43,43.78,34.55,92.42,6.5,159.07,papaya
48.67,52.49,49.22,34.13,91.16,6.18,150.3,papaya
52.62,54.97,50.42,28.08,94.38,7.17,150.77,papaya
57.25,44.51,42.25,27.26,92.34,6.64,164.44,papaya
47.58,51.43,54.85,32.78,91.48,6.37,160.88,papaya
47.05,48.27,49.08,32.06,93.4,6.44,166.52,papaya
55.22,45.24,43.19,28.74,91.36,6.13,191.51,papaya
57.8,43.3,40.97,32.39,91.06,6.59,153.21,papaya
48.39,51.89,52.07,27.07,91.68,6.2,153.71,papaya
59.88,49.83,48.13,32.65,94.2,7.21,150.83,papaya
47.8,49.82,45.64,34.82,93.33,7.43,160.07,papaya
57.96,44.82,54.84,26.58,92.58,7.19,171.63,papaya
52.02,54.8,46.38,31.04,90.27,7.26,182.41,papaya
51.06,40.24,48.88,25.13,90.01,6.92,159.45,papaya
47.88,49.8,40.81,28.13,90.75,6.87,183.09,papaya
55.82,43.83,41.34,25.79,92.13,7.42,160.89,papaya
48.85,41.51,49.08,31.8,93.21,7.29,174.32,papaya
47.02,44.34,49.94,31.13,92.66,7.02,181.87,papaya
58.22,48.79,51.68,27.49,93.39,7.35,169.29,papaya
56.69,50.87,40.89,30.82,90.65,7.45,190.57,papaya
46.65,41.83,48.92,28.45,90.17,6.81,169.39,papaya
46.52,52.03,53.73,32.57,94.11,6.32,163.18,papaya
48.13,51.48,54.22,32.17,94.41,6.96,169.38,papaya
51.39,41.13,40.47,31.95,92.19,6.83,177.88,papaya
17.77,19.76,19.71,28.88,94.1,6.35,210.36,coconut
23.96,23.66,23.9,27.7,90.17,5.78,177.87,coconut
24.09,21.49,15.82,26.35,90.78,6.89,223.54,coconut
23.6,24.41,17.02,28.1,91.2,6.08,241.47,coconut
20.75,22.38,19.9,25.29,90.32,6.61,221.88,coconut
17.15,22.22,23.11,29.12,93.73,6.21,217.84,coconut
22.64,24.92,18.45,29.11,90.83,5.61,219.34,coconut
24.17,18.95,16.8,27.85,92.28,5.87,173.36,coconut
22.36,15.08,20.39,32.94,91.33,6.81,216.89,coconut
21.55,19.46,18.47,33.36,93.79,5.96,160.3,coconut
15.72,15.94,20.83,25.52,91.68,7.26,179.43,coconut
22.63,22.45,17.46,32.29,93.74,6.19,171.04,coconut
20.21,24.21,21.4,26.73,93.41,6.28,209.15,coconut
22.34,20.15,23.14,32.22,93.08,5.45,233.59,coconut
24.36,16.37,19.88,27.59,93.77,7.16,164.09,coconut
23.77,16.81,22.97,29.57,91.64,5.47,166.76,coconut
21.62,20.5,16.22,26.13,90.36,7.23,221.19,coconut
15.58,20.6,15.85,34.04,94.54,7.09,242.62,coconut
23.11,23.29,20.7,28.06,91.09,5.98,212.85,coconut
16.73,17.59,19.68,27.33,92.94,7.77,224.81,coconut
21.66,20.83,19.88,26.87,94.47,5.75,159.13,coconut
22.5,16.76,18.72,25.28,90.69,5.52,155.44,coconut
21.57,23.37,18.73,33.75,91.07,5.98,165.07,coconut
21.21,19.2,21.13,32.62,92.73,6.88,243.53,coconut
17.99,18.59,22.18,31.11,90.89,6.13,196.78,coconut
19.19,16.78,24.24,32.62,92.41,7.04,239.73,coconut
16.36,17.5,20.43,32.99,90.18,7.95,195.49,coconut
18.59,17.93,16.74,32.92,94.78,6.24,245.24,coconut
23.24,19.81,21.74,29.35,92.79,5.17,219.63,coconut
15.53,23.17,23.25,27.37,91.62,6.44,209.67,coconut
17.87,20.92,17.98,25.55,90.01,5.3,229.23,coconut
24.61,19.27,20.13,26.47,92.76,5.43,211.12,coconut
24.33,16.96,22.65,25.24,91.88,5.33,185.25,coconut
16.74,18.73,19.18,28.01,93.28,7.76,190.06,coconut
16.92,17.71,23.54,30.72,92.28,5.45,194.97,coconut
17.78,24.43,23.84,25.84,92.58,5.68,191.08,coconut
23.77,20.28,18.34,27.08,94.0,6.87,196.81,coconut
17.17,18.34,24.6,30.2,92.0,6.56,227.9,coconut
18.4,16.79,20.85,31.65,93.56,7.65,187.12,coconut
15.75,24.58,19.35,31.23,93.33,6.64,170.53,coconut
22.55,23.04,20.53,29.89,90.57,5.25,183.96,coconut
18.11,24.54,22.84,31.6,92.59,5.5,247.85,coconut
18.75,16.07,19.94,33.74,94.44,5.03,238.63,coconut
17.71,15.39,23.48,33.64,92.98,6.72,231.31,coconut
22.86,23.9,20.53,34.68,94.98,5.35,234.95,coconut
20.0,18.88,21.13,25.56,92.53,7.61,171.35,coconut
19.26,24.39,19.29,28.58,92.2,6.56,213.2,coconut
23.01,19.52,23.17,30.34,91.69,6.97,221.77,coconut
20.58,15.57,16.7,27.85,91.41,7.02,151.83,coconut
22.56,17.65,18.1,30.28,91.08,7.65,158.54,coconut
19.44,23.49,21.16,27.92,92.1,7.12,247.33,coconut
23.93,18.42,24.98,25.04,90.14,7.47,169.95,coconut
15.61,17.37,19.26,32.31,93.12,5.71,200.33,coconut
24.26,23.15,18.23,34.82,93.54,5.19,153.52,coconut
16.68,22.28,16.84,30.11,90.47,7.76,184.4,coconut
24.08,24.45,15.06,29.64,90.12,7.73,201.84,coconut
15.75,16.1,18.84,34.4,93.46,7.6,186.65,coconut
15.43,24.74,15.17,34.48,91.84,5.03,218.92,coconut
24.81,24.66,16.61,26.81,92.83,6.91,223.94,coconut
16.81,24.59,21.39,33.47,92.7,6.24,247.72,coconut
20.82,23.67,24.53,31.75,92.74,5.01,154.0,coconut
17.01,16.86,17.55,28.05,91.8,6.26,159.89,coconut
15.42,21.74,20.37,29.44,93.17,7.48,192.77,coconut
21.41,24.54,23.4,29.26,93.22,5.53,206.05,coconut
24.81,20.18,24.28,29.07,94.99,6.74,154.23,coconut
20.87,17.75,15.32,33.21,91.38,7.39,178.82,coconut
16.94,24.74,18.62,31.01,93.05,6.68,241.47,coconut
21.74,19.04,23.62,26.81,92.72,7.85,212.54,coconut
23.17,21.54,23.39,34.44,91.36,5.51,198.4,coconut
22.02,17.27,15.04,28.43,94.84,7.08,190.13,coconut
16.93,18.56,16.7,26.06,94.53,7.99,166.41,coconut
15.55,18.3,19.62,27.05,91.51,5.6,227.43,coconut
22.13,21.35,18.87,34.09,94.85,5.52,172.3,coconut
20.26,15.91,19.36,30.82,92.61,5.99,204.24,coconut
24.59,17.06,21.55,25.43,90.33,6.66,160.49,coconut
15.22,16.72,20.65,32.03,91.01,7.0,168.25,coconut
21.13,19.12,21.54,34.95,94.69,5.01,238.54,coconut
15.66,24.53,17.82,28.82,90.46,5.34,222.67,coconut
24.44,21.11,22.16,32.62,91.31,5.14,150.19,coconut
18.51,17.41,15.62,26.8,90.62,7.74,164.03,coconut
20.38,20.93,20.43,25.99,91.59,5.15,189.57,coconut
16.89,20.62,21.93,30.32,92.17,6.16,234.17,coconut
17.19,22.34,22.57,29.19,91.49,6.41,159.32,coconut
15.46,16.12,16.87,30.04,94.25,5.71,243.52,coconut
24.55,24.59,23.38,28.64,90.36,6.71,205.87,coconut
23.5,24.96,20.08,28.45,90.93,5.01,200.91,coconut
20.56,23.25,20.05,34.16,93.14,7.52,164.83,coconut
23.55,21.75,16.7,26.9,94.63,5.1,196.25,coconut
18.13,21.65,23.4,28.6,92.13,7.95,228.39,coconut
23.97,19.39,17.34,29.12,93.58,5.33,177.05,coconut
15.47,19.32,23.27,25.25,93.38,7.8,173.69,coconut
21.94,24.75,24.62,27.35,90.5,5.44,220.2,coconut
22.26,21.74,18.36,26.7,92.9,6.45,222.88,coconut
19.41,18.39,17.93,27.11,91.33,5.28,184.69,coconut
15.37,16.86,22.47,28.25,93.34,7.15,208.12,coconut
24.59,15.21,22.39,34.59,94.31,5.5,182.68,coconut
16.72,21.01,22.12,28.17,92.7,7.07,192.13,coconut
23.54,22.72,15.65,31.21,91.18,6.67,245.69,coconut
23.79,19.05,17.92,27.34,92.66,5.34,204.93,coconut
15.01,18.24,17.2,34.71,93.64,6.05,159.28,coconut
110.34,43.2,20.36,28.52,67.32,7.27,87.05,cotton
118.55,53.98,20.13,23.75,64.19,6.37,91.82,cotton
110.0,41.55,16.98,25.32,72.75,7.13,94.08,cotton
106.78,48.57,19.47,26.93,56.01,6.99,74.8,cotton
106.52,54.41,16.83,23.8,65.2,7.73,80.83,cotton
114.88,52.85,18.1,24.53,62.13,7.67,62.22,cotton
106.17,50.19,20.65,24.93,65.8,6.4,81.54,cotton
110.03,53.52,17.61,28.81,67.88,6.04,96.23,cotton
100.71,54.96,23.73,23.68,60.15,6.76,77.81,cotton
107.45,44.77,21.21,22.48,71.92,7.62,83.82,cotton
117.05,43.71,15.18,26.57,64.16,7.13,104.97,cotton
119.4,49.52,22.64,21.75,58.21,7.47,81.57,cotton
108.92,44.63,21.07,22.67,67.54,6.35,63.19,cotton
106.61,43.47,23.89,21.49,58.53,7.1,84.05,cotton
100.92,40.11,24.88,26.93,62.31,6.94,73.33,cotton
106.9,49.74,23.83,22.66,71.81,6.24,70.75,cotton
100.74,42.11,24.17,25.13,56.55,7.92,103.95,cotton
115.09,54.0,17.2,28.53,68.8,7.74,99.85,cotton
106.93,51.62,17.62,23.96,57.16,7.87,74.55,cotton
110.41,45.87,24.6,24.02,70.57,7.71,81.78,cotton
107.56,51.22,24.13,27.79,59.54,7.78,79.38,cotton
111.52,52.47,16.88,28.06,66.92,7.79,68.6,cotton
108.41,52.49,15.19,22.01,74.81,6.56,108.78,cotton
103.65,45.42,22.53,26.92,66.62,7.06,102.17,cotton
104.7,46.64,16.55,26.36,60.01,6.67,83.56,cotton
100.54,41.38,21.86,24.86,72.3,7.39,60.41,cotton
112.33,41.41,22.81,29.92,65.62,7.37,71.87,cotton
108.75,52.84,16.67,23.39,63.91,7.42,78.79,cotton
118.55,41.42,18.71,27.38,59.52,7.31,68.21,cotton
101.12,41.82,24.3,25.97,70.93,6.67,89.63,cotton
109.9,54.19,22.48,27.57,55.93,7.1,83.35,cotton
118.56,43.86,17.7,24.7,59.87,6.26,102.87,cotton
111.17,52.92,23.31,23.54,65.95,6.17,105.76,cotton
108.09,45.91,18.03,25.15,60.04,6.75,100.0,cotton
116.69,44.56,19.69,28.86,56.05,7.78,70.96,cotton
113.57,48.74,20.53,28.73,57.03,6.69,86.91,cotton
116.23,43.25,23.03,24.6,58.78,7.52,64.54,cotton
110.3,40.96,18.56,26.41,66.12,6.81,81.45,cotton
104.54,46.84,24.53,28.65,57.9,6.06,106.68,cotton
110.53,48.07,22.81,23.83,64.64,7.94,93.61,cotton
103.07,42.0,17.04,27.9,60.91,6.04,107.21,cotton
103.39,40.14,17.37,23.12,63.44,7.84,103.96,cotton
109.14,46.16,20.55,23.19,56.04,7.88,69.33,cotton
103.97,47.09,19.92,21.17,57.96,6.76,94.19,cotton
104.57,46.35,20.57,29.0,61.52,6.27,84.46,cotton
114.93,41.65,19.25,21.16,55.67,6.97,74.91,cotton
116.9,49.03,19.54,24.67,64.94,6.08,104.64,cotton
119.97,42.72,16.2,22.29,68.22,7.32,102.4,cotton
115.04,46.75,21.13,27.19,65.25,6.95,92.25,cotton
111.15,49.66,21.13,27.47,67.86,7.04,94.09,cotton
108.99,43.63,15.01,26.04,66.81,7.94,78.07,cotton
107.88,43.03,15.71,27.96,59.99,7.22,94.39,cotton
109.42,53.15,19.44,23.56,72.92,7.72,68.2,cotton
100.52,41.35,17.87,29.75,66.17,6.75,104.44,cotton
109.06,44.73,24.41,28.65,71.87,7.02,99.47,cotton
103.59,48.6,24.84,23.62,70.89,6.98,61.99,cotton
115.26,42.53,21.31,21.77,73.94,6.58,71.32,cotton
102.58,54.19,22.12,27.67,64.99,6.95,65.5,cotton
111.2,43.7,24.77,28.17,63.26,6.3,99.27,cotton
102.44,42.84,17.12,26.01,70.74,6.63,64.23,cotton
109.29,51.22,17.22,22.98,73.94,7.91,109.52,cotton
116.15,42.82,17.12,24.06,61.36,7.91,99.45,cotton
114.48,42.79,24.1,28.45,58.27,7.74,73.61,cotton
101.62,49.85,21.54,21.85,61.38,7.99,93.92,cotton
114.6,43.19,15.79,23.49,59.98,6.47,69.64,cotton
111.5,44.92,23.2,22.66,64.29,6.03,84.08,cotton
101.12,54.67,22.91,25.41,56.73,7.18,97.94,cotton
103.81,48.52,23.14,27.91,71.06,7.76,106.88,cotton
108.11,48.53,22.91,27.27,74.91,6.03,77.76,cotton
105.62,43.93,17.23,27.38,56.7,7.48,94.67,cotton
105.02,43.79,21.29,27.86,72.53,7.7,108.24,cotton
111.63,53.63,23.09,29.05,55.23,7.93,83.68,cotton
115.96,41.91,18.96,23.44,60.83,6.25,100.29,cotton
100.18,44.69,16.74,26.3,60.09,6.52,84.42,cotton
113.05,41.82,16.76,23.22,74.47,6.79,89.95,cotton
104.83,47.36,15.74,21.31,64.37,6.8,66.84,cotton
113.75,54.89,18.96,26.62,74.26,7.66,83.18,cotton
114.75,41.92,20.12,23.51,58.22,6.85,66.55,cotton
113.98,46.84,20.31,22.32,57.8,7.17,109.25,cotton
101.93,44.29,23.69,21.65,72.52,7.05,80.41,cotton
106.19,44.46,18.06,28.96,69.48,7.34,99.94,cotton
105.14,49.27,19.6,28.04,61.19,7.29,104.11,cotton
108.04,41.0,20.16,24.11,68.44,7.9,84.28,cotton
109.32,49.82,16.03,23.28,73.38,7.34,60.67,cotton
104.09,50.24,22.64,28.56,60.84,7.86,87.65,cotton
113.93,48.95,16.23,29.67,57.46,6.51,100.68,cotton
112.37,52.57,20.16,24.39,73.44,6.07,102.81,cotton
104.62,52.73,16.39,26.22,72.76,6.95,97.33,cotton
116.09,51.05,24.25,25.02,58.46,6.1,72.32,cotton
102.86,48.37,16.85,21.35,55.72,7.66,89.57,cotton
107.16,53.41,15.7,29.82,67.33,6.37,93.95,cotton
115.27,46.44,23.62,22.36,60.58,6.19,70.54,cotton
104.77,53.76,15.78,24.85,65.65,7.8,109.88,cotton
115.07,54.56,22.87,29.67,69.15,6.16,80.1,cotton
112.93,45.26,17.73,26.2,73.67,6.07,98.46,cotton
114.45,54.46,24.31,27.86,65.41,6.41,87.26,cotton
115.31,53.44,22.9,22.76,66.99,6.66,60.46,cotton
104.0,41.7,23.43,23.33,60.69,7.92,78.95,cotton
100.19,44.26,16.19,21.93,56.55,7.19,69.47,cotton
107.22,52.93,19.24,29.24,64.96,6.8,97.52,cotton
61.46,41.34,49.78,29.36,84.76,7.37,188.84,jute
71.93,47.51,54.72,33.14,87.79,6.38,227.25,jute
65.31,43.13,54.16,24.21,89.13,6.22,231.94,jute
65.52,45.26,43.25,30.44,73.7,6.99,151.56,jute
61.29,41.49,46.28,32.96,87.2,6.37,207.44,jute
75.37,44.33,46.14,29.76,68.37,6.04,165.28,jute
72.54,41.1,42.85,27.72,66.95,6.29,241.13,jute
60.39,49.8,45.77,31.4,79.72,6.34,234.72,jute
69.84,52.34,46.09,34.83,84.26,7.45,201.43,jute
69.47,51.33,53.2,34.61,73.11,7.2,171.06,jute
70.91,42.7,45.21,34.24,68.65,6.95,209.3,jute
62.41,44.89,48.44,26.06,85.02,7.46,171.48,jute
63.74,46.82,51.22,27.1,65.5,6.81,245.66,jute
67.83,46.3,54.53,31.64,82.98,6.84,247.46,jute
73.78,53.43,50.49,32.09,72.26,6.46,228.3,jute
65.93,48.44,43.74,32.99,67.76,7.24,210.27,jute
63.74,48.13,44.24,27.56,73.79,6.09,248.6,jute
60.63,49.94,45.57,31.11,73.91,7.01,222.92,jute
73.81,41.71,49.85,27.08,65.72,6.62,193.35,jute
69.34,50.57,44.63,27.47,66.51,7.03,206.78,jute
66.99,50.58,48.06,29.16,77.78,6.95,216.0,jute
65.78,42.11,42.35,31.03,86.82,6.61,166.95,jute
75.13,52.49,53.21,30.68,86.52,6.02,160.72,jute
61.85,50.69,41.04,29.46,76.82,6.47,237.04,jute
63.41,45.29,51.61,24.33,81.82,7.22,243.23,jute
77.53,44.79,48.8,24.85,71.45,6.14,181.52,jute
77.5,45.21,48.43,28.77,76.47,7.45,179.62,jute
72.55,46.3,40.92,29.38,85.33,6.15,156.96,jute
63.07,51.47,50.86,30.22,76.71,7.33,226.67,jute
76.24,52.2,49.64,29.04,86.62,7.39,152.38,jute
61.03,54.38,44.16,33.61,74.72,6.18,158.04,jute
63.13,43.75,47.33,31.72,89.66,6.66,201.82,jute
70.44,48.09,47.77,24.1,65.04,6.15,160.16,jute
74.1,43.07,53.42,34.21,89.4,7.41,177.19,jute
70.2,42.63,52.09,33.77,86.28,6.65,225.87,jute
61.95,40.6,51.3,28.68,89.89,6.15,235.56,jute
69.6,52.41,52.26,34.08,72.45,7.42,165.17,jute
61.64,46.47,52.42,29.21,85.73,7.09,170.94,jute
78.98,40.91,53.47,27.35,77.5,6.63,167.18,jute
67.16,42.89,43.06,26.06,77.23,7.2,206.9,jute
77.86,49.55,50.34,31.34,76.24,7.03,156.97,jute
77.2,51.67,43.68,32.45,65.32,6.33,156.51,jute
75.6,51.34,52.2,24.05,77.53,7.06,165.54,jute
73.0,41.26,42.72,29.23,81.34,6.22,168.52,jute
64.09,43.58,43.4,28.35,81.34,6.66,227.6,jute
74.39,41.9,40.73,33.66,67.0,6.22,152.21,jute
72.57,48.74,54.8,33.76,75.27,6.56,179.69,jute
63.05,42.07,41.98,25.26,71.01,6.46,246.16,jute
71.57,54.81,45.59,29.03,73.11,6.27,164.32,jute
78.9,54.8,40.67,25.65,75.59,6.28,186.39,jute
62.58,46.85,44.08,27.87,67.36,6.64,248.33,jute
66.58,53.15,52.65,34.47,84.75,6.99,235.66,jute
61.51,46.94,54.84,32.47,89.05,7.17,237.49,jute
74.13,51.41,47.85,34.17,85.63,7.27,217.3,jute
66.09,40.53,54.03,30.45,72.45,6.22,232.95,jute
76.73,52.22,49.68,28.03,72.6,6.01,233.36,jute
61.75,49.46,47.56,29.79,88.17,6.05,227.34,jute
61.04,40.57,46.45,24.69,84.73,6.79,152.9,jute
60.81,49.19,52.09,28.82,78.86,7.2,211.05,jute
64.5,49.2,49.42,32.08,80.52,7.45,169.73,jute
79.02,48.08,50.08,25.09,74.51,7.15,220.69,jute
60.8,48.2,41.32,34.95,87.43,6.03,235.86,jute
78.39,45.3,50.79,28.86,81.38,6.51,182.26,jute
68.49,42.18,52.47,27.84,75.0,7.34,199.66,jute
70.89,54.35,53.3,25.86,76.83,7.46,187.24,jute
67.43,42.93,41.71,32.14,84.25,7.45,227.34,jute
64.87,40.6,54.78,27.74,72.8,7.36,208.51,jute
64.3,53.34,54.9,24.95,86.56,6.59,202.41,jute
78.3,54.6,43.93,26.34,67.01,6.84,151.36,jute
68.24,41.1,46.08,24.44,85.88,6.31,182.83,jute
77.4,51.19,43.29,24.79,82.89,6.59,226.61,jute
68.91,45.19,46.77,32.23,87.56,6.07,202.41,jute
60.66,47.03,53.28,27.98,88.31,6.95,243.42,jute
75.14,41.55,43.47,28.34,69.25,6.74,197.14,jute
79.13,46.51,51.78,34.36,86.92,6.31,199.6,jute
66.95,46.0,45.41,33.09,76.3,6.79,248.24,jute
61.2,47.32,51.61,25.66,80.29,6.36,236.74,jute
66.54,44.94,48.97,26.02,72.12,6.62,185.36,jute
70.5,48.99,48.5,31.2,72.69,6.19,226.08,jute
77.02,43.86,46.11,29.48,78.33,6.99,154.16,jute
74.43,40.93,47.02,33.1,76.28,6.22,248.5,jute
77.79,51.57,46.17,26.02,88.54,6.8,235.24,jute
66.84,45.03,54.78,29.74,68.52,6.33,198.19,jute
60.85,46.94,46.28,32.57,73.87,7.47,168.08,jute
71.82,41.35,51.01,34.94,85.48,6.83,198.47,jute
76.7,54.04,54.84,28.36,89.77,6.23,175.35,jute
61.78,44.08,51.52,33.38,84.47,6.95,201.4,jute
74.17,45.86,52.62,31.45,82.45,6.8,238.52,jute
65.04,45.72,51.66,29.42,87.23,6.52,186.93,jute
77.77,46.97,47.74,27.66,71.92,6.98,161.98,jute
77.59,51.69,42.86,31.63,80.07,6.28,177.32,jute
68.18,50.49,49.58,29.85,84.21,7.14,211.79,jute
75.74,45.01,53.22,30.76,85.56,6.82,171.84,jute
70.85,45.57,50.46,29.23,85.9,7.02,218.45,jute
64.34,54.76,52.63,32.68,73.26,6.8,163.71,jute
70.77,42.19,48.3,31.14,74.75,6.75,237.57,jute
62.17,51.88,42.56,24.4,69.64,7.15,190.51,jute
77.45,47.87,40.33,31.88,67.76,7.18,166.81,jute
66.91,51.42,54.31,28.09,85.74,6.29,230.72,jute
73.15,42.89,44.54,25.45,74.57,6.31,214.4,jute
109.89,40.18,43.11,22.46,73.28,6.25,204.37,coffee
99.43,44.03,35.84,20.31,56.05,6.28,180.73,coffee
100.67,42.01,48.99,26.63,58.8,6.17,211.35,coffee
91.91,45.32,38.77,26.9,72.05,6.29,202.03,coffee
108.61,53.99,49.54,16.63,58.21,6.34,204.14,coffee
90.37,40.93,48.32,26.3,62.15,6.45,209.37,coffee
106.12,46.41,36.7,20.64,64.15,6.28,160.56,coffee
109.83,43.66,37.98,21.85,65.74,6.22,227.19,coffee
100.33,49.15,45.86,15.33,66.41,6.44,151.74,coffee
98.1,53.89,40.3,20.96,74.63,6.1,156.53,coffee
107.19,53.03,42.08,21.68,71.72,6.37,176.51,coffee
90.34,47.2,47.88,26.65,74.12,6.44,208.0,coffee
98.89,51.62,46.1,22.0,56.75,6.46,195.56,coffee
97.27,49.44,45.11,17.74,71.74,6.14,168.67,coffee
98.13,50.96,49.48,25.52,73.81,6.07,157.12,coffee
101.15,44.35,47.42,23.74,74.41,6.13,198.58,coffee
100.02,43.59,43.85,20.76,63.93,6.18,151.69,coffee
100.44,45.03,35.02,19.0,60.57,6.2,163.19,coffee
100.15,50.39,44.45,25.45,64.04,6.26,231.04,coffee
98.55,50.52,41.52,20.43,70.2,6.09,183.86,coffee
94.48,45.39,38.46,22.53,70.96,6.39,186.45,coffee
109.78,48.91,40.99,25.86,69.6,6.37,169.61,coffee
99.37,52.93,42.56,23.88,66.76,6.42,178.46,coffee
101.51,41.85,45.35,24.52,55.86,6.34,191.47,coffee
92.48,46.3,37.91,20.4,62.69,6.37,227.42,coffee
102.14,40.34,48.97,23.92,55.68,6.41,170.03,coffee
101.58,47.0,41.3,26.57,63.75,6.04,244.66,coffee
108.41,50.27,42.02,16.21,70.81,6.04,156.86,coffee
100.75,42.4,35.12,20.5,57.74,6.08,157.69,coffee
94.1,50.73,47.13,20.88,65.13,6.02,156.93,coffee
95.15,48.16,46.09,22.87,62.84,6.06,228.08,coffee
97.28,51.04,42.69,24.6,73.15,6.46,203.51,coffee
100.23,43.99,49.04,20.95,57.55,6.22,162.71,coffee
100.05,48.42,40.07,15.93,73.87,6.39,233.89,coffee
97.34,51.41,42.28,17.61,57.49,6.17,163.76,coffee
109.97,40.74,41.62,20.88,61.01,6.29,165.0,coffee
105.68,44.99,43.87,24.3,72.78,6.42,210.83,coffee
97.77,47.55,46.53,26.41,57.08,6.19,227.61,coffee
98.63,44.98,41.17,22.84,75.0,6.25,170.85,coffee
93.26,40.64,43.38,22.08,59.1,6.35,224.11,coffee
95.18,45.16,49.86,19.87,70.22,6.23,229.33,coffee
105.38,50.02,47.82,27.21,66.6,6.12,189.86,coffee
105.17,49.76,37.67,15.67,68.66,6.13,199.97,coffee
104.93,48.44,36.25,17.41,59.39,6.13,206.54,coffee
100.08,43.05,36.01,17.23,74.69,6.23,236.73,coffee
106.98,47.67,45.6,17.51,68.77,6.14,233.21,coffee
91.67,51.6,36.5,26.46,61.08,6.33,198.75,coffee
97.33,49.68,49.21,15.54,73.38,6.3,230.73,coffee
97.68,47.08,48.03,20.39,65.69,6.01,165.86,coffee
102.83,50.75,43.74,16.86,63.91,6.18,199.57,coffee
107.41,51.64,36.26,26.57,64.44,6.37,164.0,coffee
103.41,43.54,41.58,15.22,58.03,6.05,173.97,coffee
92.0,50.38,35.44,23.03,57.81,6.47,243.31,coffee
94.51,49.22,35.42,27.11,65.46,6.02,184.25,coffee
91.54,45.89,45.05,21.11,62.67,6.06,174.49,coffee
92.0,52.11,37.03,22.74,61.85,6.11,213.95,coffee
99.14,46.0,43.89,21.39,61.07,6.28,216.95,coffee
90.53,46.99,35.87,17.42,66.21,6.43,238.28,coffee
91.4,46.29,43.75,16.91,70.31,6.37,240.33,coffee
90.17,43.25,47.41,23.72,72.89,6.03,209.7,coffee
101.38,40.54,42.7,22.92,58.83,6.14,214.03,coffee
99.37,52.87,40.14,18.47,74.7,6.46,152.9,coffee
105.41,41.66,35.41,18.56,60.39,6.41,221.07,coffee
109.63,50.67,41.27,24.09,74.99,6.36,226.17,coffee
108.77,41.7,45.57,26.06,74.09,6.11,200.39,coffee
103.61,43.71,44.01,18.35,61.67,6.22,202.92,coffee
98.99,47.4,39.48,17.07,55.95,6.1,208.19,coffee
105.72,42.54,36.63,24.74,61.1,6.48,221.43,coffee
96.54,44.34,42.86,16.03,57.35,6.09,227.47,coffee
100.28,40.16,45.1,20.51,65.22,6.11,205.18,coffee
109.58,41.1,39.26,18.16,59.97,6.19,231.81,coffee
108.26,43.03,43.14,23.28,65.44,6.22,169.2,coffee
99.76,46.02,46.93,24.93,57.68,6.04,240.82,coffee
100.71,52.87,35.87,21.84,65.79,6.43,159.76,coffee
94.81,46.1,47.99,27.21,74.85,6.48,150.59,coffee
90.95,42.21,40.23,25.79,72.85,6.09,211.97,coffee
108.35,46.96,36.55,20.95,62.52,6.29,193.87,coffee
90.35,54.91,43.15,21.16,74.09,6.08,168.92,coffee
106.16,43.91,46.99,18.53,55.66,6.26,169.67,coffee
105.16,49.62,48.85,25.18,58.62,6.4,214.17,coffee
103.38,52.48,43.61,21.06,67.73,6.15,168.26,coffee
102.33,43.51,36.2,15.01,67.17,6.18,225.23,coffee
97.5,47.29,41.11,23.46,62.12,6.48,243.61,coffee
106.96,53.8,41.74,21.97,69.84,6.35,239.07,coffee
104.33,54.97,40.23,25.83,68.95,6.35,182.58,coffee
105.71,53.51,38.28,23.13,62.84,6.49,197.88,coffee
94.57,45.73,44.81,15.99,67.07,6.47,235.04,coffee
91.35,54.9,45.48,17.11,55.25,6.09,233.82,coffee
90.43,43.5,46.36,22.62,70.65,6.37,155.06,coffee
107.85,43.41,43.3,23.38,58.37,6.49,198.82,coffee
91.15,54.06,43.79,24.09,65.5,6.42,153.31,coffee
95.37,47.04,36.15,24.18,62.87,6.14,150.34,coffee
104.4,52.51,40.93,22.33,59.55,6.31,151.21,coffee
99.77,49.66,48.77,19.96,70.3,6.3,242.7,coffee
97.97,44.79,48.31,15.64,57.73,6.04,234.31,coffee
90.21,52.92,41.77,15.05,63.03,6.09,212.44,coffee
103.59,47.31,35.61,23.53,71.84,6.36,233.0,coffee
94.01,53.33,39.83,15.17,71.87,6.47,215.56,coffee
94.63,43.78,42.0,26.67,57.99,6.41,179.13,coffee
106.17,53.8,41.41,19.75,71.04,6.26,218.44,coffee
